control_number,control_name,family_number,family_name,is_enhancement,withdrawn,withdrawal_info,privacy_baseline,low_baseline,mod_baseline,high_baseline
AC-1,Policy and Procedures,3.1,ACCESS CONTROL,False,False,,x,x,x,x
AC-2,Account Management,3.1,ACCESS CONTROL,False,False,,,x,x,x
AC-2(1),AUTOMATED SYSTEM ACCOUNT MANAGEMENT,3.1,ACCESS CONTROL,True,False,,,,x,x
AC-2(2),AUTOMATED TEMPORARY AND EMERGENCY ACCOUNT MANAGEMENT,3.1,ACCESS CONTROL,True,False,,,,x,x
AC-2(3),DISABLE ACCOUNTS,3.1,ACCESS CONTROL,True,False,,,,x,x
AC-2(4),AUTOMATED AUDIT ACTIONS,3.1,ACCESS CONTROL,True,False,,,,x,x
AC-2(5),INACTIVITY LOGOUT,3.1,ACCESS CONTROL,True,False,,,,x,x
AC-2(6),DYNAMIC PRIVILEGE MANAGEMENT,3.1,ACCESS CONTROL,True,False,,,,,
AC-2(7),PRIVILEGED USER ACCOUNTS,3.1,ACCESS CONTROL,True,False,,,,,
AC-2(8),DYNAMIC ACCOUNT MANAGEMENT,3.1,ACCESS CONTROL,True,False,,,,,
AC-2(9),RESTRICTIONS ON USE OF SHARED AND GROUP ACCOUNTS,3.1,ACCESS CONTROL,True,False,,,,,
AC-2(10),SHARED AND GROUP ACCOUNT CREDENTIAL CHANGE,3.1,ACCESS CONTROL,True,True,W: Incorporated into AC-2k.,,W,,
AC-2(11),USAGE CONDITIONS,3.1,ACCESS CONTROL,True,False,,,,,x
AC-2(12),ACCOUNT MONITORING FOR ATYPICAL USAGE,3.1,ACCESS CONTROL,True,False,,,,,x
AC-2(13),DISABLE ACCOUNTS FOR HIGH-RISK INDIVIDUALS,3.1,ACCESS CONTROL,True,False,,,,x,x
AC-3,Access Enforcement,3.1,ACCESS CONTROL,False,False,,,x,x,x
AC-3(1),RESTRICTED ACCESS TO PRIVILEGED FUNCTIONS,3.1,ACCESS CONTROL,True,True,W: Incorporated into AC-6.,,W,,
AC-3(2),DUAL AUTHORIZATION,3.1,ACCESS CONTROL,True,False,,,,,
AC-3(3),MANDATORY ACCESS CONTROL,3.1,ACCESS CONTROL,True,False,,,,,
AC-3(4),DISCRETIONARY ACCESS CONTROL,3.1,ACCESS CONTROL,True,False,,,,,
AC-3(5),SECURITY-RELEVANT INFORMATION,3.1,ACCESS CONTROL,True,False,,,,,
AC-3(6),PROTECTION OF USER AND SYSTEM INFORMATION,3.1,ACCESS CONTROL,True,True,W: Incorporated into MP-4 and SC-28.,,,W,
AC-3(7),ROLE-BASED ACCESS CONTROL,3.1,ACCESS CONTROL,True,False,,,,,
AC-3(8),REVOCATION OF ACCESS AUTHORIZATIONS,3.1,ACCESS CONTROL,True,False,,,,,
AC-3(9),CONTROLLED RELEASE,3.1,ACCESS CONTROL,True,False,,,,,
AC-3(10),AUDITED OVERRIDE OF ACCESS CONTROL MECHANISMS,3.1,ACCESS CONTROL,True,False,,,,,
AC-3(11),RESTRICT ACCESS TO SPECIFIC INFORMATION TYPES,3.1,ACCESS CONTROL,True,False,,,,,
AC-3(12),ASSERT AND ENFORCE APPLICATION ACCESS,3.1,ACCESS CONTROL,True,False,,,,,
AC-3(13),ATTRIBUTE-BASED ACCESS CONTROL,3.1,ACCESS CONTROL,True,False,,,,,
AC-3(14),INDIVIDUAL ACCESS,3.1,ACCESS CONTROL,True,False,,x,,,
AC-3(15),DISCRETIONARY AND MANDATORY ACCESS CONTROL,3.1,ACCESS CONTROL,True,False,,,,,
AC-4,Information Flow Enforcement,3.1,ACCESS CONTROL,False,False,,,,x,x
AC-4(1),OBJECT SECURITY AND PRIVACY ATTRIBUTES,3.1,ACCESS CONTROL,True,False,,,,,
AC-4(2),PROCESSING DOMAINS,3.1,ACCESS CONTROL,True,False,,,,,
AC-4(3),DYNAMIC INFORMATION FLOW CONTROL,3.1,ACCESS CONTROL,True,False,,,,,
AC-4(4),FLOW CONTROL OF ENCRYPTED INFORMATION,3.1,ACCESS CONTROL,True,False,,,,,x
AC-4(5),EMBEDDED DATA TYPES,3.1,ACCESS CONTROL,True,False,,,,,
AC-4(6),METADATA,3.1,ACCESS CONTROL,True,False,,,,,
AC-4(7),ONE-WAY FLOW MECHANISMS,3.1,ACCESS CONTROL,True,False,,,,,
AC-4(8),SECURITY AND PRIVACY POLICY FILTERS,3.1,ACCESS CONTROL,True,False,,,,,
AC-4(9),HUMAN REVIEWS,3.1,ACCESS CONTROL,True,False,,,,,
AC-4(10),ENABLE AND DISABLE SECURITY OR PRIVACY POLICY FILTERS,3.1,ACCESS CONTROL,True,False,,,,,
AC-4(11),CONFIGURATION OF SECURITY OR PRIVACY POLICY FILTERS,3.1,ACCESS CONTROL,True,False,,,,,
AC-4(12),DATA TYPE IDENTIFIERS,3.1,ACCESS CONTROL,True,False,,,,,
AC-4(13),DECOMPOSITION INTO POLICY-RELEVANT SUBCOMPONENTS,3.1,ACCESS CONTROL,True,False,,,,,
AC-4(14),SECURITY OR PRIVACY POLICY FILTER CONSTRAINTS,3.1,ACCESS CONTROL,True,False,,,,,
AC-4(15),DETECTION OF UNSANCTIONED INFORMATION,3.1,ACCESS CONTROL,True,False,,,,,
AC-4(16),INFORMATION TRANSFERS ON INTERCONNECTED SYSTEMS,3.1,ACCESS CONTROL,True,True,W: Incorporated into AC-4.,,W,,
AC-4(17),DOMAIN AUTHENTICATION,3.1,ACCESS CONTROL,True,False,,,,,
AC-4(18),SECURITY ATTRIBUTE BINDING,3.1,ACCESS CONTROL,True,True,W: Incorporated into AC-16.,,W,,
AC-4(19),VALIDATION OF METADATA,3.1,ACCESS CONTROL,True,False,,,,,
AC-4(20),APPROVED SOLUTIONS,3.1,ACCESS CONTROL,True,False,,,,,
AC-4(21),PHYSICAL OR LOGICAL SEPARATION OF INFORMATION FLOWS,3.1,ACCESS CONTROL,True,False,,,,,
AC-4(22),ACCESS ONLY,3.1,ACCESS CONTROL,True,False,,,,,
AC-4(23),MODIFY NON-RELEASABLE INFORMATION,3.1,ACCESS CONTROL,True,False,,,,,
AC-4(24),INTERNAL NORMALIZED FORMAT,3.1,ACCESS CONTROL,True,False,,,,,
AC-4(25),DATA SANITIZATION,3.1,ACCESS CONTROL,True,False,,,,,
AC-4(26),AUDIT FILTERING ACTIONS,3.1,ACCESS CONTROL,True,False,,,,,
AC-4(27),REDUNDANT/INDEPENDENT FILTERING MECHANISMS,3.1,ACCESS CONTROL,True,False,,,,,
AC-4(28),LINEAR FILTER PIPELINES,3.1,ACCESS CONTROL,True,False,,,,,
AC-4(29),FILTER ORCHESTRATION ENGINES,3.1,ACCESS CONTROL,True,False,,,,,
AC-4(30),FILTER MECHANISMS USING MULTIPLE PROCESSES,3.1,ACCESS CONTROL,True,False,,,,,
AC-4(31),FAILED CONTENT TRANSFER PREVENTION,3.1,ACCESS CONTROL,True,False,,,,,
AC-4(32),PROCESS REQUIREMENTS FOR INFORMATION TRANSFER,3.1,ACCESS CONTROL,True,False,,,,,
AC-5,Separation of Duties,3.1,ACCESS CONTROL,False,False,,,,x,x
AC-6,Least Privilege,3.1,ACCESS CONTROL,False,False,,,,x,x
AC-6(1),AUTHORIZE ACCESS TO SECURITY FUNCTIONS,3.1,ACCESS CONTROL,True,False,,,,x,x
AC-6(2),NON-PRIVILEGED ACCESS FOR NONSECURITY FUNCTIONS,3.1,ACCESS CONTROL,True,False,,,,x,x
AC-6(3),NETWORK ACCESS TO PRIVILEGED COMMANDS,3.1,ACCESS CONTROL,True,False,,,,,x
AC-6(4),SEPARATE PROCESSING DOMAINS,3.1,ACCESS CONTROL,True,False,,,,,
AC-6(5),PRIVILEGED ACCOUNTS,3.1,ACCESS CONTROL,True,False,,,,x,x
AC-6(6),PRIVILEGED ACCESS BY NON-ORGANIZATIONAL USERS,3.1,ACCESS CONTROL,True,False,,,,,
AC-6(7),REVIEW OF USER PRIVILEGES,3.1,ACCESS CONTROL,True,False,,,,x,x
AC-6(8),PRIVILEGE LEVELS FOR CODE EXECUTION,3.1,ACCESS CONTROL,True,False,,,,,
AC-6(9),LOG USE OF PRIVILEGED FUNCTIONS,3.1,ACCESS CONTROL,True,False,,,,x,x
AC-6(10),PROHIBIT NON-PRIVILEGED USERS FROM EXECUTING PRIVILEGED FUNCTIONS,3.1,ACCESS CONTROL,True,False,,,,x,x
AC-7,Unsuccessful Logon Attempts,3.1,ACCESS CONTROL,False,False,,,x,x,x
AC-7(1),AUTOMATIC ACCOUNT LOCK,3.1,ACCESS CONTROL,True,True,W: Incorporated into AC-7.,W,,,
AC-7(2),PURGE OR WIPE MOBILE DEVICE,3.1,ACCESS CONTROL,True,False,,,,,
AC-7(3),BIOMETRIC ATTEMPT LIMITING,3.1,ACCESS CONTROL,True,False,,,,,
AC-7(4),USE OF ALTERNATE AUTHENTICATION FACTOR,3.1,ACCESS CONTROL,True,False,,,,,
AC-8,System Use Notification,3.1,ACCESS CONTROL,False,False,,,x,x,x
AC-9,Previous Logon Notification,3.1,ACCESS CONTROL,False,False,,,,,
AC-9(1),UNSUCCESSFUL LOGONS,3.1,ACCESS CONTROL,True,False,,,,,
AC-9(2),SUCCESSFUL AND UNSUCCESSFUL LOGONS,3.1,ACCESS CONTROL,True,False,,,,,
AC-9(3),NOTIFICATION OF ACCOUNT CHANGES,3.1,ACCESS CONTROL,True,False,,,,,
AC-9(4),ADDITIONAL LOGON INFORMATION,3.1,ACCESS CONTROL,True,False,,,,,
AC-10,Concurrent Session Control,3.1,ACCESS CONTROL,False,False,,,,,x
AC-11,Device Lock,3.1,ACCESS CONTROL,False,False,,,,x,x
AC-11(1),PATTERN-HIDING DISPLAYS,3.1,ACCESS CONTROL,True,False,,,,x,x
AC-12,Session Termination,3.1,ACCESS CONTROL,False,False,,,,x,x
AC-12(1),USER-INITIATED LOGOUTS,3.1,ACCESS CONTROL,True,False,,,,,
AC-12(2),TERMINATION MESSAGE,3.1,ACCESS CONTROL,True,False,,,,,
AC-12(3),TIMEOUT WARNING MESSAGE,3.1,ACCESS CONTROL,True,False,,,,,
AC-13,Supervision and Review-Access Control,3.1,ACCESS CONTROL,False,True,W: Incorporated into AC-2 and AU-6.,,,W,
AC-14,Permitted Actions without Identification or Authentication,3.1,ACCESS CONTROL,False,False,,,x,x,x
AC-14(1),NECESSARY USES,3.1,ACCESS CONTROL,True,True,W: Incorporated into AC-14.,,W,,
AC-15,Automated Marking,3.1,ACCESS CONTROL,False,True,W: Incorporated into MP-3.,W,,,
AC-16,Security and Privacy Attributes,3.1,ACCESS CONTROL,False,False,,,,,
AC-16(1),DYNAMIC ATTRIBUTE ASSOCIATION,3.1,ACCESS CONTROL,True,False,,,,,
AC-16(2),ATTRIBUTE VALUE CHANGES BY AUTHORIZED INDIVIDUALS,3.1,ACCESS CONTROL,True,False,,,,,
AC-16(3),MAINTENANCE OF ATTRIBUTE ASSOCIATIONS BY SYSTEM,3.1,ACCESS CONTROL,True,False,,,,,
AC-16(4),,3.1,ACCESS CONTROL,True,False,,,,,
AC-16(5),ASSOCIATION OF ATTRIBUTES BY AUTHORIZED INDIVIDUALS,3.1,ACCESS CONTROL,True,False,,,,,
AC-16(6),ATTRIBUTE DISPLAYS ON OBJECTS TO BE OUTPUT,3.1,ACCESS CONTROL,True,False,,,,,
AC-16(7),CONSISTENT ATTRIBUTE INTERPRETATION,3.1,ACCESS CONTROL,True,False,,,,,
AC-16(8),ASSOCIATION TECHNIQUES AND TECHNOLOGIES,3.1,ACCESS CONTROL,True,False,,,,,
AC-16(9),ATTRIBUTE REASSIGNMENT – REGRADING MECHANISMS,3.1,ACCESS CONTROL,True,False,,,,,
AC-16(10),ATTRIBUTE CONFIGURATION BY AUTHORIZED INDIVIDUALS,3.1,ACCESS CONTROL,True,False,,,,,
AC-17,Remote Access,3.1,ACCESS CONTROL,False,False,,,x,x,x
AC-17(1),MONITORING AND CONTROL,3.1,ACCESS CONTROL,True,False,,,,x,x
AC-17(2),PROTECTION OF CONFIDENTIALITY AND INTEGRITY USING ENCRYPTION,3.1,ACCESS CONTROL,True,False,,,,x,x
AC-17(3),MANAGED ACCESS CONTROL POINTS,3.1,ACCESS CONTROL,True,False,,,,x,x
AC-17(4),PRIVILEGED COMMANDS AND ACCESS,3.1,ACCESS CONTROL,True,False,,,,x,x
AC-17(5),MONITORING FOR UNAUTHORIZED CONNECTIONS,3.1,ACCESS CONTROL,True,True,W: Incorporated into SI-4.,,W,,
AC-17(6),PROTECTION OF MECHANISM INFORMATION,3.1,ACCESS CONTROL,True,False,,,,,
AC-17(7),ADDITIONAL PROTECTION FOR SECURITY FUNCTION ACCESS,3.1,ACCESS CONTROL,True,True,W: Incorporated into AC-3(10).,,,W,
AC-20,Use of External Systems,3.1,ACCESS CONTROL,False,False,,,x,x,x
AC-20(1),LIMITS ON AUTHORIZED USE,3.1,ACCESS CONTROL,True,False,,,,x,x
AC-20(2),PORTABLE STORAGE DEVICES — RESTRICTED USE,3.1,ACCESS CONTROL,True,False,,,,x,x
AC-20(3),NON-ORGANIZATIONALLY OWNED SYSTEMS — RESTRICTED USE,3.1,ACCESS CONTROL,True,False,,,,,
AC-20(4),NETWORK ACCESSIBLE STORAGE DEVICES — PROHIBITED USE,3.1,ACCESS CONTROL,True,False,,,,,
AC-20(5),PORTABLE STORAGE DEVICES — PROHIBITED USE,3.1,ACCESS CONTROL,True,False,,,,,
AC-21,Information Sharing,3.1,ACCESS CONTROL,False,False,,,,x,x
AC-21(1),AUTOMATED DECISION SUPPORT,3.1,ACCESS CONTROL,True,False,,,,,
AC-21(2),INFORMATION SEARCH AND RETRIEVAL,3.1,ACCESS CONTROL,True,False,,,,,
AC-22,Publicly Accessible Content,3.1,ACCESS CONTROL,False,False,,,x,x,x
AC-23,Data Mining Protection,3.1,ACCESS CONTROL,False,False,,,,,
AC-24,Access Control Decisions,3.1,ACCESS CONTROL,False,False,,,,,
AC-24(1),TRANSMIT ACCESS AUTHORIZATION INFORMATION,3.1,ACCESS CONTROL,True,False,,,,,
AC-24(2),,3.1,ACCESS CONTROL,True,False,,,,,
AC-25,NO USER OR PROCESS IDENTITY,3.1,ACCESS CONTROL,False,False,,,,,
AT-1,Policy and Procedures,,,False,False,,x,x,x,x
AT-2,Literacy Training and Awareness,,,False,False,,x,x,x,x
AT-2(1),PRACTICAL EXERCISES,,,True,False,,,,,
AT-2(2),INSIDER THREAT,,,True,False,,,x,x,x
AT-2(3),SOCIAL ENGINEERING AND MINING,,,True,False,,,,x,x
AT-2(4),SUSPICIOUS COMMUNICATIONS AND ANOMALOUS SYSTEM BEHAVIOR,,,True,False,,,,,
AT-2(5),ADVANCED PERSISTENT THREAT,,,True,False,,,,,
AT-2(6),CYBER THREAT ENVIRONMENT,,,True,False,,,,,
AT-3,Role-Based Training,,,False,False,,x,x,x,x
AT-3(1),ENVIRONMENTAL CONTROLS,,,True,False,,,,,
AT-3(2),PHYSICAL SECURITY CONTROLS,,,True,False,,,,,
AT-3(3),PRACTICAL EXERCISES,,,True,False,,,,,
AT-3(4),SUSPICIOUS COMMUNICATIONS AND ANOMALOUS SYSTEM BEHAVIOR,,,True,True,W: Incorporated into AT-2(4).,,W,,
AT-3(5),PROCESSING PERSONALLY IDENTIFIABLE INFORMATION,,,True,False,,x,,,
AT-4,Training Records,,,False,False,,x,x,x,x
AT-5,Contacts with Security Groups and Associations,,,False,True,W: Incorporated into PM-15.,,W,,
AT-6,Training Feedback,,,False,False,,,,,
AU-1,Policy and Procedures,3.3,AUDIT AND ACCOUNTABILITY,False,False,,x,x,x,x
AU-2,Event Logging,3.3,AUDIT AND ACCOUNTABILITY,False,False,,x,x,x,x
AU-2(1),COMPILATION OF AUDIT RECORDS FROM MULTIPLE SOURCES,3.3,AUDIT AND ACCOUNTABILITY,True,True,W: Incorporated into AU-12.,,,W,
AU-2(2),SELECTION OF AUDIT EVENTS BY COMPONENT,3.3,AUDIT AND ACCOUNTABILITY,True,True,W: Incorporated into AU-12.,,,W,
AU-2(3),REVIEWS AND UPDATES,3.3,AUDIT AND ACCOUNTABILITY,True,True,W: Incorporated into AU-2.,,W,,
AU-2(4),PRIVILEGED FUNCTIONS,3.3,AUDIT AND ACCOUNTABILITY,True,True,W: Incorporated into AC-6(9).,,,W,
AU-3,Content of Audit Records,3.3,AUDIT AND ACCOUNTABILITY,False,False,,,x,x,x
AU-3(1),ADDITIONAL AUDIT INFORMATION,3.3,AUDIT AND ACCOUNTABILITY,True,False,,,,x,x
AU-3(2),CENTRALIZED MANAGEMENT OF PLANNED AUDIT RECORD CONTENT,3.3,AUDIT AND ACCOUNTABILITY,True,True,W: Incorporated into PL-9.,,W,,
AU-3(3),LIMIT PERSONALLY IDENTIFIABLE INFORMATION ELEMENTS,3.3,AUDIT AND ACCOUNTABILITY,True,False,,x,,,
AU-4,Audit Log Storage Capacity,3.3,AUDIT AND ACCOUNTABILITY,False,False,,,x,x,x
AU-4(1),TRANSFER TO ALTERNATE STORAGE,3.3,AUDIT AND ACCOUNTABILITY,True,False,,,,,
AU-5,Response to Audit Logging Process Failures,3.3,AUDIT AND ACCOUNTABILITY,False,False,,,x,x,x
AU-5(1),STORAGE CAPACITY WARNING,3.3,AUDIT AND ACCOUNTABILITY,True,False,,,,,x
AU-5(2),REAL-TIME ALERTS,3.3,AUDIT AND ACCOUNTABILITY,True,False,,,,,x
AU-5(3),CONFIGURABLE TRAFFIC VOLUME THRESHOLDS,3.3,AUDIT AND ACCOUNTABILITY,True,False,,,,,
AU-5(4),SHUTDOWN ON FAILURE,3.3,AUDIT AND ACCOUNTABILITY,True,False,,,,,
AU-5(5),ALTERNATE AUDIT LOGGING CAPABILITY,3.3,AUDIT AND ACCOUNTABILITY,True,False,,,,,
AU-6,"Audit Record Review, Analysis, and Reporting",3.3,AUDIT AND ACCOUNTABILITY,False,False,,,x,x,x
AU-6(1),AUTOMATED PROCESS INTEGRATION,3.3,AUDIT AND ACCOUNTABILITY,True,False,,,,x,x
AU-6(2),AUTOMATED SECURITY ALERTS,3.3,AUDIT AND ACCOUNTABILITY,True,True,W: Incorporated into SI-4.,W,,,
AU-6(3),CORRELATE AUDIT RECORD REPOSITORIES,3.3,AUDIT AND ACCOUNTABILITY,True,False,,,,x,x
AU-6(4),CENTRAL REVIEW AND ANALYSIS,3.3,AUDIT AND ACCOUNTABILITY,True,False,,,,,
AU-6(5),INTEGRATED ANALYSIS OF AUDIT RECORDS,3.3,AUDIT AND ACCOUNTABILITY,True,False,,,,,x
AU-6(6),CORRELATION WITH PHYSICAL MONITORING,3.3,AUDIT AND ACCOUNTABILITY,True,False,,,,,x
AU-6(7),PERMITTED ACTIONS,3.3,AUDIT AND ACCOUNTABILITY,True,False,,,,,
AU-6(8),FULL TEXT ANALYSIS OF PRIVILEGED COMMANDS,3.3,AUDIT AND ACCOUNTABILITY,True,False,,,,,
AU-6(9),CORRELATION WITH INFORMATION FROM NONTECHNICAL SOURCES,3.3,AUDIT AND ACCOUNTABILITY,True,False,,,,,
AU-6(10),AUDIT LEVEL ADJUSTMENT,3.3,AUDIT AND ACCOUNTABILITY,True,True,W: Incorporated into AU-6.,W,,,
AU-7,Audit Record Reduction and Report Generation,3.3,AUDIT AND ACCOUNTABILITY,False,False,,,,x,x
AU-7(1),AUTOMATIC PROCESSING,3.3,AUDIT AND ACCOUNTABILITY,True,False,,,,x,x
AU-7(2),AUTOMATIC SORT AND SEARCH,3.3,AUDIT AND ACCOUNTABILITY,True,True,W: Incorporated into AU-7(1).,W,,,
AU-8,Time Stamps,3.3,AUDIT AND ACCOUNTABILITY,False,False,,,x,x,x
AU-11(1),,3.3,AUDIT AND ACCOUNTABILITY,True,False,,,,,
AU-12,x,3.3,AUDIT AND ACCOUNTABILITY,False,False,,,,,
AU-12(1),x,3.3,AUDIT AND ACCOUNTABILITY,True,False,,,,,
AU-12(2),,3.3,AUDIT AND ACCOUNTABILITY,True,False,,,,,
AU-12(3),x,3.3,AUDIT AND ACCOUNTABILITY,True,False,,,,,
AU-12(4),,3.3,AUDIT AND ACCOUNTABILITY,True,False,,,,,
AU-13,,3.3,AUDIT AND ACCOUNTABILITY,False,False,,,,,
AU-13(1),,3.3,AUDIT AND ACCOUNTABILITY,True,False,,,,,
AU-13(2),,3.3,AUDIT AND ACCOUNTABILITY,True,False,,,,,
AU-13(3),,3.3,AUDIT AND ACCOUNTABILITY,True,False,,,,,
AU-14,,3.3,AUDIT AND ACCOUNTABILITY,False,False,,,,,
AU-14(1),,3.3,AUDIT AND ACCOUNTABILITY,True,False,,,,,
AU-14(2),,3.3,AUDIT AND ACCOUNTABILITY,True,True,W: Incorporated into AU-14.,,,,
AU-14(3),,3.3,AUDIT AND ACCOUNTABILITY,True,False,,,,,
AU-15,,3.3,AUDIT AND ACCOUNTABILITY,False,True,W: Moved to AU-5(5).,,,,
AU-16,,3.3,AUDIT AND ACCOUNTABILITY,False,False,,,,,
AU-16(1),,3.3,AUDIT AND ACCOUNTABILITY,True,False,,,,,
AU-16(2),,3.3,AUDIT AND ACCOUNTABILITY,True,False,,,,,
AU-16(3),,3.3,AUDIT AND ACCOUNTABILITY,True,False,,,,,
CA-1,Policy and Procedures,,,False,False,,x,x,x,x
CA-2,Control Assessments,,,False,False,,x,x,x,x
CA-2(1),INDEPENDENT ASSESSORS,,,True,False,,,,x,x
CA-2(2),SPECIALIZED ASSESSMENTS,,,True,False,,,,,x
CA-2(3),LEVERAGING RESULTS FROM EXTERNAL ORGANIZATIONS,,,True,False,,,,,
CA-3,Information Exchange,,,False,False,,,x,x,x
CA-3(1),UNCLASSIFIED NATIONAL SECURITY SYSTEM CONNECTIONS,,,True,True,W: Moved to SC-7(25).,,W,,
CA-3(2),CLASSIFIED NATIONAL SECURITY SYSTEM CONNECTIONS,,,True,True,W: Moved to SC-7(26).,,W,,
CA-3(3),UNCLASSIFIED NON-NATIONAL SECURITY SYSTEM CONNECTIONS,,,True,True,W: Moved to SC-7(27).,,W,,
CA-3(4),CONNECTIONS TO PUBLIC NETWORKS,,,True,True,W: Moved to SC-7(28).,,W,,
CA-3(5),RESTRICTIONS ON EXTERNAL SYSTEM CONNECTIONS,,,True,True,W: Incorporated into SC-7(5).,,W,,
CA-3(6),TRANSFER AUTHORIZATIONS,,,True,False,,,,,x
CA-3(7),TRANSITIVE INFORMATION EXCHANGES,,,True,False,,,,,
CA-4,Security Certification,,,False,True,W: Incorporated into CA-2.,,W,,
CA-5,Plan of Action and Milestones,,,False,False,,x,x,x,x
CA-5(1),AUTOMATION SUPPORT FOR ACCURACY AND CURRENCY,,,True,False,,,,,
CA-6,Authorization,,,False,False,,x,x,x,x
CA-6(1),JOINT AUTHORIZATION — INTRA-ORGANIZATION,,,True,False,,,,,
CA-6(2),JOINT AUTHORIZATION — INTER-ORGANIZATION,,,True,False,,,,,
CA-7,Continuous Monitoring,,,False,False,,x,x,x,x
CA-7(1),INDEPENDENT ASSESSMENT,,,True,False,,,,x,x
CA-7(2),TYPES OF ASSESSMENTS,,,True,True,W: Incorporated into CA-2.,,W,,
CA-7(3),TREND ANALYSES,,,True,False,,,,,
CA-7(4),RISK MONITORING,,,True,False,,x,x,x,x
CA-7(5),CONSISTENCY ANALYSIS,,,True,False,,,,,
CA-7(6),AUTOMATION SUPPORT FOR MONITORING,,,True,False,,,,,
CA-8,Penetration Testing,,,False,False,,,,,x
CA-8(1),INDEPENDENT PENETRATION TESTING AGENT OR TEAM,,,True,False,,,,,x
CA-8(2),RED TEAM EXERCISES,,,True,False,,,,,
CA-8(3),FACILITY PENETRATION TESTING,,,True,False,,,,,
CA-9,Internal System Connections,,,False,False,,,x,x,x
CA-9(1),COMPLIANCE CHECKS,,,True,False,,,,,
CM-1,Policy and Procedures,,,False,False,,x,x,x,x
CM-2(1),REVIEWS AND UPDATES,,,True,True,W: Incorporated into CM-2.,,W,,
CM-2(2),AUTOMATION SUPPORT FOR ACCURACY AND CURRENCY,,,True,False,,,,x,x
CM-2(3),RETENTION OF PREVIOUS CONFIGURATIONS,,,True,False,,,,x,x
CM-2(4),UNAUTHORIZED SOFTWARE,,,True,True,W: Incorporated into CM-7.,,,W,
CM-2(5),AUTHORIZED SOFTWARE,,,True,True,W: Incorporated into CM-7.,,,W,
CM-2(6),DEVELOPMENT AND TEST ENVIRONMENTS,,,True,False,,,,,
CM-2(7),CONFIGURE SYSTEMS AND COMPONENTS FOR HIGH-RISK AREAS,,,True,False,,,,x,x
CM-3,Configuration Change Control,,,False,False,,,,x,x
CM-3(1),"AUTOMATED DOCUMENTATION, NOTIFICATION, AND PROHIBITION OF CHANGES",,,True,False,,,,,x
CM-3(2),"TESTING, VALIDATION, AND DOCUMENTATION OF CHANGES",,,True,False,,,,x,x
CM-3(3),AUTOMATED CHANGE IMPLEMENTATION,,,True,False,,,,,
CM-3(4),SECURITY AND PRIVACY REPRESENTATIVES,,,True,False,,,,x,x
CM-3(5),AUTOMATED SECURITY RESPONSE,,,True,False,,,,,
CM-3(6),CRYPTOGRAPHY MANAGEMENT,,,True,False,,,,,x
CM-3(7),REVIEW SYSTEM CHANGES,,,True,False,,,,,
CM-3(8),PREVENT OR RESTRICT CONFIGURATION CHANGES,,,True,False,,,,,
CM-4,Impact Analyses,,,False,False,,x,x,x,x
CM-4(1),SEPARATE TEST ENVIRONMENTS,,,True,False,,,,,x
CM-4(2),VERIFICATION OF CONTROLS,,,True,False,,,,x,x
CM-5,Access Restrictions for Change,,,False,False,,,x,x,x
CM-5(1),AUTOMATED ACCESS ENFORCEMENT AND AUDIT RECORDS,,,True,False,,,,,x
CM-5(2),REVIEW SYSTEM CHANGES,,,True,True,W: Incorporated into CM-3(7).,,,W,
CM-5(3),SIGNED COMPONENTS,,,True,True,W: Moved to CM-14.,,W,,
CM-5(4),DUAL AUTHORIZATION,,,True,False,,,,,
CM-5(5),PRIVILEGE LIMITATION FOR PRODUCTION AND OPERATION,,,True,False,,,,,
CM-5(6),LIMIT LIBRARY PRIVILEGES,,,True,False,,,,,
CM-5(7),AUTOMATIC IMPLEMENTATION OF SECURITY SAFEGUARDS,,,True,True,W: Incorporated into SI-7.,,W,,
CM-6,Configuration Settings,,,False,False,,,x,x,x
CM-6(1),"AUTOMATED MANAGEMENT, APPLICATION, AND VERIFICATION",,,True,False,,,,,x
CM-6(2),RESPOND TO UNAUTHORIZED CHANGES,,,True,False,,,,,x
CM-6(3),UNAUTHORIZED CHANGE DETECTION,,,True,True,W: Incorporated into SI-7.,,W,,
CM-6(4),CONFORMANCE DEMONSTRATION,,,True,True,W: Incorporated into CM-4.,,W,,
CM-7,Least Functionality,,,False,False,,,x,x,x
CM-7(1),PERIODIC REVIEW,,,True,False,,,,x,x
CM-7(2),PREVENT PROGRAM EXECUTION,,,True,False,,,,x,x
CM-7(3),REGISTRATION COMPLIANCE,,,True,False,,,,,
CM-7(4),UNAUTHORIZED SOFTWARE — DENY-BY-EXCEPTION,,,True,False,,,,,
CM-7(5),AUTHORIZED SOFTWARE — ALLOW-BY-EXCEPTION,,,True,False,,,,x,x
CM-7(6),CONFINED ENVIRONMENTS WITH LIMITED PRIVILEGES,,,True,False,,,,,
CM-7(7),CODE EXECUTION IN PROTECTED ENVIRONMENTS,,,True,False,,,,,
CM-7(8),BINARY OR MACHINE EXECUTABLE CODE,,,True,False,,,,,
CM-7(9),PROHIBITING THE USE OF UNAUTHORIZED HARDWARE,,,True,False,,,,,
CM-8,System Component Inventory,,,False,False,,,x,x,x
CM-8(1),UPDATES DURING INSTALLATION AND REMOVAL,,,True,False,,,,x,x
CM-8(2),AUTOMATED MAINTENANCE,,,True,False,,,,,x
CM-8(3),AUTOMATED UNAUTHORIZED COMPONENT DETECTION,,,True,False,,,,x,x
CM-8(4),ACCOUNTABILITY INFORMATION,,,True,False,,,,,x
CM-8(5),NO DUPLICATE ACCOUNTING OF COMPONENTS,,,True,True,W: Incorporated into CM-8.,,W,,
CM-8(6),ASSESSED CONFIGURATIONS AND APPROVED DEVIATIONS,,,True,False,,,,,
CM-8(7),CENTRALIZED REPOSITORY,,,True,False,,,,,
CM-8(8),AUTOMATED LOCATION TRACKING,,,True,False,,,,,
CM-8(9),ASSIGNMENT OF COMPONENTS TO SYSTEMS,,,True,False,,,,,
CM-9,Configuration Management Plan,,,False,False,,,,x,x
CM-9(1),ASSIGNMENT OF RESPONSIBILITY,,,True,False,,,,,
CM-10,Software Usage Restrictions,,,False,False,,,x,x,x
CM-10(1),OPEN-SOURCE SOFTWARE,,,True,False,,,,,
CM-11,User-Installed Software,,,False,False,,,x,x,x
CM-11(1),ALERTS FOR UNAUTHORIZED INSTALLATIONS,,,True,True,W: Incorporated into CM-8(3).,,,W,
CM-11(2),SOFTWARE INSTALLATION WITH PRIVILEGED STATUS,,,True,False,,,,,
CM-11(3),AUTOMATED ENFORCEMENT AND MONITORING,,,True,False,,,,,
CM-12,Information Location,,,False,False,,,,x,x
CM-12(1),AUTOMATED TOOLS TO SUPPORT INFORMATION LOCATION,,,True,False,,,,x,x
CM-13,Data Action Mapping,,,False,False,,,,,
CM-14,Signed Components,,,False,False,,,,,
CP-1,Policy and Procedures,,,False,False,,,x,x,x
CP-2,Contingency Plan,,,False,False,,,x,x,x
CP-2(1),COORDINATE WITH RELATED PLANS,,,True,False,,,,x,x
CP-2(2),CAPACITY PLANNING,,,True,False,,,,,x
CP-2(3),RESUME MISSION AND BUSINESS FUNCTIONS,,,True,False,,,,x,x
CP-2(4),RESUME ALL MISSION AND BUSINESS FUNCTIONS,,,True,True,W: Incorporated into CP-2(3).,,W,,
CP-2(5),CONTINUE MISSION AND BUSINESS FUNCTIONS,,,True,False,,,,,x
CP-2(6),ALTERNATE PROCESSING AND STORAGE SITES,,,True,False,,,,,
CP-2(7),COORDINATE WITH EXTERNAL SERVICE PROVIDERS,,,True,False,,,,,
CP-2(8),IDENTIFY CRITICAL ASSETS,,,True,False,,,,x,x
CP-3,Contingency Training,,,False,False,,,x,x,x
CP-3(1),SIMULATED EVENTS,,,True,False,,,,,x
CP-3(2),MECHANISMS USED IN TRAINING ENVIRONMENTS,,,True,False,,,,,
CP-4,Contingency Plan Testing,,,False,False,,,x,x,x
CP-4(1),COORDINATE WITH RELATED PLANS,,,True,False,,,,x,x
CP-4(2),ALTERNATE PROCESSING SITE,,,True,False,,,,,x
CP-4(3),AUTOMATED TESTING,,,True,False,,,,,
CP-4(4),FULL RECOVERY AND RECONSTITUTION,,,True,False,,,,,
CP-4(5),SELF-CHALLENGE,,,True,False,,,,,
CP-5,Contingency Plan Update,,,False,True,W: Incorporated into CP-2.,,W,,
CP-6,Alternate Storage Site,,,False,False,,,,x,x
CP-6(1),SEPARATION FROM PRIMARY SITE,,,True,False,,,,x,x
CP-6(2),RECOVERY TIME AND RECOVERY POINT OBJECTIVES,,,True,False,,,,,x
CP-6(3),ACCESSIBILITY,,,True,False,,,,x,x
CP-7,Alternate Processing Site,,,False,False,,,,x,x
CP-7(1),SEPARATION FROM PRIMARY SITE,,,True,False,,,,x,x
CP-7(2),ACCESSIBILITY,,,True,False,,,,x,x
CP-7(3),PRIORITY OF SERVICE,,,True,False,,,,x,x
CP-7(4),PREPARATION FOR USE,,,True,False,,,,,x
CP-7(5),EQUIVALENT INFORMATION SECURITY SAFEGUARDS,,,True,True,W: Incorporated into CP-7.,,W,,
CP-7(6),INABILITY TO RETURN TO PRIMARY SITE,,,True,False,,,,,
CP-8,Telecommunications Services,,,False,False,,,,x,x
CP-8(1),PRIORITY OF SERVICE PROVISIONS,,,True,False,,,,x,x
CP-8(2),SINGLE POINTS OF FAILURE,,,True,False,,,,x,x
CP-8(3),SEPARATION OF PRIMARY AND ALTERNATE PROVIDERS,,,True,False,,,,,x
CP-8(4),PROVIDER CONTINGENCY PLAN,,,True,False,,,,,x
CP-8(5),ALTERNATE TELECOMMUNICATION SERVICE TESTING,,,True,False,,,,,
CP-9,System Backup,,,False,False,,,x,x,x
CP-9(1),TESTING FOR RELIABILITY AND INTEGRITY,,,True,False,,,,x,x
CP-9(2),TEST RESTORATION USING SAMPLING,,,True,False,,,,,x
CP-9(3),SEPARATE STORAGE FOR CRITICAL INFORMATION,,,True,False,,,,,x
CP-9(4),PROTECTION FROM UNAUTHORIZED MODIFICATION,,,True,True,W: Incorporated into CP-9.,,,W,
CP-9(5),TRANSFER TO ALTERNATE STORAGE SITE,,,True,False,,,,,x
CP-9(6),REDUNDANT SECONDARY SYSTEM,,,True,False,,,,,
CP-9(7),DUAL AUTHORIZATION FOR DELETION OR DESTRUCTION,,,True,False,,,,,
CP-9(8),CRYPTOGRAPHIC PROTECTION,,,True,False,,,,x,x
CP-10,System Recovery and Reconstitution,,,False,False,,,x,x,x
CP-10(1),CONTINGENCY PLAN TESTING,,,True,True,W: Incorporated into CP-4.,,,W,
CP-10(2),TRANSACTION RECOVERY,,,True,False,,,,x,x
CP-10(3),COMPENSATING SECURITY CONTROLS,,,True,True,W: Addressed through tailoring.,,W,,
CP-10(4),RESTORE WITHIN TIME PERIOD,,,True,False,,,,,x
CP-10(5),FAILOVER CAPABILITY,,,True,True,W: Incorporated into SI-13.,,W,,
CP-10(6),COMPONENT PROTECTION,,,True,False,,,,,
CP-11,Alternate Communications Protocols,,,False,False,,,,,
CP-12,Safe Mode,,,False,False,,,,,
CP-13,Alternative Security Mechanisms,,,False,False,,,,,
IA-1,Policy and Procedures,,,False,False,,,x,x,x
IA-2,Identification and Authentication (Organizational Users),,,False,False,,,x,x,x
IA-2(1),MULTI-FACTOR AUTHENTICATION TO PRIVILEGED ACCOUNTS,,,True,False,,,x,x,x
IA-2(2),MULTI-FACTOR AUTHENTICATION TO NON-PRIVILEGED ACCOUNTS,,,True,False,,,x,x,x
IA-2(3),LOCAL ACCESS TO PRIVILEGED ACCOUNTS,,,True,True,W: Incorporated into IA-2(1)(2).,,,W,
IA-2(4),LOCAL ACCESS TO NON-PRIVILEGED ACCOUNTS,,,True,True,W: Incorporated into IA-2(1)(2).,,,W,
IA-2(5),INDIVIDUAL AUTHENTICATION WITH GROUP AUTHENTICATION,,,True,False,,,,,x
IA-2(6),ACCESS TO ACCOUNTS — SEPARATE DEVICE,,,True,False,,,,,
IA-2(7),NETWORK ACCESS TO NON-PRIVILEGED ACCOUNTS — SEPARATE DEVICE,,,True,True,W: Incorporated into IA-2(6).,,,W,
IA-2(8),ACCESS TO ACCOUNTS — REPLAY RESISTANT,,,True,False,,,x,x,x
IA-2(9),NETWORK ACCESS TO NON-PRIVILEGED ACCOUNTS — REPLAY RESISTANT,,,True,True,W: Incorporated into IA-2(8).,,,W,
IA-2(10),SINGLE SIGN-ON,,,True,False,,,,,
IA-2(11),REMOTE ACCESS — SEPARATE DEVICE,,,True,True,W: Incorporated into IA-2(6).,W,,,
IA-2(12),ACCEPTANCE OF PIV CREDENTIALS,,,True,False,,,x,x,x
IA-2(13),OUT-OF-BAND AUTHENTICATION,,,True,False,,,,,
IA-3,Device Identification and Authentication,,,False,False,,,,x,x
IA-3(1),CRYPTOGRAPHIC BIDIRECTIONAL AUTHENTICATION,,,True,False,,,,,
IA-3(2),CRYPTOGRAPHIC BIDIRECTIONAL NETWORK AUTHENTICATION,,,True,True,W: Incorporated into IA-3(1).,,,W,
IA-3(3),DYNAMIC ADDRESS ALLOCATION,,,True,False,,,,,
IA-3(4),DEVICE ATTESTATION,,,True,False,,,,,
IA-4,Identifier Management,,,False,False,,,x,x,x
IA-4(1),PROHIBIT ACCOUNT IDENTIFIERS AS PUBLIC IDENTIFIERS,,,True,False,,,,,
IA-4(2),SUPERVISOR AUTHORIZATION,,,True,True,W: Incorporated into IA-12(1).,W,,,
IA-4(3),MULTIPLE FORMS OF CERTIFICATION,,,True,True,W: Incorporated into IA-12(2).,W,,,
IA-4(4),IDENTIFY USER STATUS,,,True,False,,,,x,x
IA-4(5),DYNAMIC MANAGEMENT,,,True,False,,,,,
IA-4(6),CROSS-ORGANIZATION MANAGEMENT,,,True,False,,,,,
IA-4(7),IN-PERSON REGISTRATION,,,True,True,W: Incorporated into IA-12(4).,W,,,
IA-4(8),PAIRWISE PSEUDONYMOUS IDENTIFIERS,,,True,False,,,,,
IA-4(9),ATTRIBUTE MAINTENANCE AND PROTECTION,,,True,False,,,,,
IA-5,Authenticator Management,,,False,False,,,x,x,x
IA-5(1),PASSWORD-BASED AUTHENTICATION,,,True,False,,,x,x,x
IA-5(2),PUBLIC KEY-BASED AUTHENTICATION,,,True,False,,,,x,x
IA-5(3),IN-PERSON OR TRUSTED EXTERNAL PARTY REGISTRATION,,,True,True,W: Incorporated into IA-12(4).,,,W,
IA-5(4),AUTOMATED SUPPORT FOR PASSWORD STRENGTH DETERMINATION,,,True,True,W: Incorporated into IA-5(1).,W,,,
IA-5(5),CHANGE AUTHENTICATORS PRIOR TO DELIVERY,,,True,False,,,,,
IA-5(6),PROTECTION OF AUTHENTICATORS,,,True,False,,,,x,x
IA-5(7),NO EMBEDDED UNENCRYPTED STATIC AUTHENTICATORS,,,True,False,,,,,
IA-5(8),MULTIPLE SYSTEM ACCOUNTS,,,True,False,,,,,
IA-5(9),FEDERATED CREDENTIAL MANAGEMENT,,,True,False,,,,,
IA-5(10),DYNAMIC CREDENTIAL BINDING,,,True,False,,,,,
IA-5(11),HARDWARE TOKEN-BASED AUTHENTICATION,,,True,True,W: Incorporated into IA-2(1) and IA,,,W,
IA-5(12),BIOMETRIC AUTHENTICATION PERFORMANCE,,,True,False,,,,,
IA-5(13),EXPIRATION OF CACHED AUTHENTICATORS,,,True,False,,,,,
IA-5(14),MANAGING CONTENT OF PKI TRUST STORES,,,True,False,,,,,
IA-5(15),GSA-APPROVED PRODUCTS AND SERVICES,,,True,False,,,,,
IA-5(16),IN-PERSON OR TRUSTED EXTERNAL PARTY AUTHENTICATOR ISSUANCE,,,True,False,,,,,
IA-5(17),PRESENTATION ATTACK DETECTION FOR BIOMETRIC AUTHENTICATORS,,,True,False,,,,,
IA-5(18),PASSWORD MANAGERS,,,True,False,,,,,
IA-6,Authentication Feedback,,,False,False,,,x,x,x
IA-7,Cryptographic Module Authentication,,,False,False,,,x,x,x
IA-8,Identification and Authentication (Non-Organizational Users),,,False,False,,,x,x,x
IA-8(1),ACCEPTANCE OF PIV CREDENTIALS FROM OTHER AGENCIES,,,True,False,,,x,x,x
IA-8(2),ACCEPTANCE OF EXTERNAL AUTHENTICATORS,,,True,False,,,x,x,x
IA-8(3),USE OF FICAM-APPROVED PRODUCTS,,,True,True,W: Incorporated into IA-8(2).,,,W,
IA-8(4),USE OF DEFINED PROFILES,,,True,False,,,x,x,x
IA-8(5),ACCEPTANCE OF PIV-I CREDENTIALS,,,True,False,,,,,
IA-8(6),DISASSOCIABILITY,,,True,False,,,,,
IA-9,Service Identification and Authentication,,,False,False,,,,,
IA-9(1),INFORMATION EXCHANGE,,,True,True,W: Incorporated into IA-9.,W,,,
IA-9(2),TRANSMISSION OF DECISIONS,,,True,True,W: Incorporated into IA-9.,W,,,
IA-10,Adaptive Authentication,,,False,False,,,,,
IA-11,Re-authentication,,,False,False,,,x,x,x
IA-12,Identity Proofing,,,False,False,,,,x,x
IA-12(1),SUPERVISOR AUTHORIZATION,,,True,False,,,,,
IA-12(2),IDENTITY EVIDENCE,,,True,False,,,,x,x
IA-12(3),IDENTITY EVIDENCE VALIDATION AND VERIFICATION,,,True,False,,,,x,x
IA-12(4),IN-PERSON VALIDATION AND VERIFICATION,,,True,False,,,,,x
IA-12(5),ADDRESS CONFIRMATION,,,True,False,,,,x,x
IA-12(6),ACCEPT EXTERNALLY-PROOFED IDENTITIES,,,True,False,,,,,
IR-1,Policy and Procedures,,,False,False,,x,x,x,x
IR-2,Incident Response Training,,,False,False,,x,x,x,x
IR-2(1),SIMULATED EVENTS,,,True,False,,,,,x
IR-2(2),AUTOMATED TRAINING ENVIRONMENTS,,,True,False,,,,,x
IR-2(3),BREACH,,,True,False,,x,,,
IR-3,Incident Response Testing,,,False,False,,x,,x,x
IR-3(1),AUTOMATED TESTING,,,True,False,,,,,
IR-3(2),COORDINATION WITH RELATED PLANS,,,True,False,,,,x,x
IR-3(3),CONTINUOUS IMPROVEMENT,,,True,False,,,,,
IR-4,Incident Handling,,,False,False,,x,x,x,x
IR-4(1),AUTOMATED INCIDENT HANDLING PROCESSES,,,True,False,,,,x,x
IR-4(2),DYNAMIC RECONFIGURATION,,,True,False,,,,,
IR-4(3),CONTINUITY OF OPERATIONS,,,True,False,,,,,
IR-4(4),INFORMATION CORRELATION,,,True,False,,,,,x
IR-4(5),AUTOMATIC DISABLING OF SYSTEM,,,True,False,,,,,
IR-4(6),INSIDER THREATS,,,True,False,,,,,
IR-4(7),INSIDER THREATS — INTRA-ORGANIZATION COORDINATION,,,True,False,,,,,
IR-4(8),CORRELATION WITH EXTERNAL ORGANIZATIONS,,,True,False,,,,,
IR-4(9),DYNAMIC RESPONSE CAPABILITY,,,True,False,,,,,
IR-4(10),SUPPLY CHAIN COORDINATION,,,True,False,,,,,
IR-4(11),INTEGRATED INCIDENT RESPONSE TEAM,,,True,False,,,,,x
IR-4(12),MALICIOUS CODE AND FORENSIC ANALYSIS,,,True,False,,,,,
IR-4(13),BEHAVIOR ANALYSIS,,,True,False,,,,,
IR-4(14),SECURITY OPERATIONS CENTER,,,True,False,,,,,
IR-4(15),PUBLIC RELATIONS AND REPUTATION REPAIR,,,True,False,,,,,
IR-5,Incident Monitoring,,,False,False,,x,x,x,x
IR-5(1),"AUTOMATED TRACKING, DATA COLLECTION, AND ANALYSIS",,,True,False,,,,,x
IR-6,Incident Reporting,,,False,False,,x,x,x,x
IR-6(1),AUTOMATED REPORTING,,,True,False,,,,x,x
IR-6(2),VULNERABILITIES RELATED TO INCIDENTS,,,True,False,,,,,
IR-6(3),SUPPLY CHAIN COORDINATION,,,True,False,,,,x,x
IR-7,Incident Response Assistance,,,False,False,,x,x,x,x
IR-7(1),AUTOMATION SUPPORT FOR AVAILABILITY OF INFORMATION AND SUPPORT,,,True,False,,,,x,x
IR-7(2),COORDINATION WITH EXTERNAL PROVIDERS,,,True,False,,,,,
IR-8,Incident Response Plan,,,False,False,,x,x,x,x
IR-8(1),BREACHES,,,True,False,,x,,,
IR-9,Information Spillage Response,,,False,False,,,,,
IR-9(1),RESPONSIBLE PERSONNEL,,,True,True,W: Incorporated into IR-9.,,W,,
IR-9(2),TRAINING,,,True,False,,,,,
IR-9(3),POST-SPILL OPERATIONS,,,True,False,,,,,
IR-9(4),EXPOSURE TO UNAUTHORIZED PERSONNEL,,,True,False,,,,,
IR-10,Integrated Information Security Analysis Team,,,False,True,W: Moved to IR-4(11).,W,,,
MA-1,Policy and Procedures,3.9,MAINTENANCE,False,False,,,x,x,x
MA-2,Controlled Maintenance,3.9,MAINTENANCE,False,False,,,x,x,x
MA-2(1),RECORD CONTENT,3.9,MAINTENANCE,True,True,W: Incorporated into MA-2.,,W,,
MA-2(2),AUTOMATED MAINTENANCE ACTIVITIES,3.9,MAINTENANCE,True,False,,,,,x
MA-3,Maintenance Tools,3.9,MAINTENANCE,False,False,,,,x,x
MA-3(1),INSPECT TOOLS,3.9,MAINTENANCE,True,False,,,,x,x
MA-3(2),INSPECT MEDIA,3.9,MAINTENANCE,True,False,,,,x,x
MA-3(3),PREVENT UNAUTHORIZED REMOVAL,3.9,MAINTENANCE,True,False,,,,x,x
MA-3(4),RESTRICTED TOOL USE,3.9,MAINTENANCE,True,False,,,,,
MA-3(5),EXECUTION WITH PRIVILEGE,3.9,MAINTENANCE,True,False,,,,,
MA-3(6),SOFTWARE UPDATES AND PATCHES,3.9,MAINTENANCE,True,False,,,,,
MA-4,Nonlocal Maintenance,3.9,MAINTENANCE,False,False,,,x,x,x
MA-4(1),LOGGING AND REVIEW,3.9,MAINTENANCE,True,False,,,,,
MA-4(2),DOCUMENT NONLOCAL MAINTENANCE,3.9,MAINTENANCE,True,True,W: Incorporated into MA-1 and MA-4.,,W,,
MA-4(3),COMPARABLE SECURITY AND SANITIZATION,3.9,MAINTENANCE,True,False,,,,,x
MA-4(4),AUTHENTICATION AND SEPARATION OF MAINTENANCE SESSIONS,3.9,MAINTENANCE,True,False,,,,,
MA-4(5),APPROVALS AND NOTIFICATIONS,3.9,MAINTENANCE,True,False,,,,,
MA-4(6),CRYPTOGRAPHIC PROTECTION,3.9,MAINTENANCE,True,False,,,,,
MA-4(7),DISCONNECT VERIFICATION,3.9,MAINTENANCE,True,False,,,,,
MA-5,Maintenance Personnel,3.9,MAINTENANCE,False,False,,,x,x,x
MA-5(1),INDIVIDUALS WITHOUT APPROPRIATE ACCESS,3.9,MAINTENANCE,True,False,,,,,x
MA-5(2),SECURITY CLEARANCES FOR CLASSIFIED SYSTEMS,3.9,MAINTENANCE,True,False,,,,,
MA-5(3),CITIZENSHIP REQUIREMENTS FOR CLASSIFIED SYSTEMS,3.9,MAINTENANCE,True,False,,,,,
MA-5(4),FOREIGN NATIONALS,3.9,MAINTENANCE,True,False,,,,,
MA-5(5),NON-SYSTEM MAINTENANCE,3.9,MAINTENANCE,True,False,,,,,
MA-6,Timely Maintenance,3.9,MAINTENANCE,False,False,,,,x,x
MA-6(1),PREVENTIVE MAINTENANCE,3.9,MAINTENANCE,True,False,,,,,
MA-6(2),PREDICTIVE MAINTENANCE,3.9,MAINTENANCE,True,False,,,,,
MA-6(3),AUTOMATED SUPPORT FOR PREDICTIVE MAINTENANCE,3.9,MAINTENANCE,True,False,,,,,
MA-7,Field Maintenance,3.9,MAINTENANCE,False,False,,,,,
MP-1,Policy and Procedures,,,False,False,,x,x,x,x
MP-2,Media Access,,,False,False,,,x,x,x
MP-2(1),AUTOMATED RESTRICTED ACCESS,,,True,True,W: Incorporated into MP-4(2).,,,W,
MP-2(2),CRYPTOGRAPHIC PROTECTION,,,True,True,W: Incorporated into SC-28(1).,,,W,
MP-3,Media Marking,,,False,False,,,,x,x
MP-4,Media Storage,,,False,False,,,,x,x
MP-4(1),CRYPTOGRAPHIC PROTECTION,,,True,True,W: Incorporated into SC-28(1).,,,W,
MP-4(2),AUTOMATED RESTRICTED ACCESS,,,True,False,,,,,
MP-5,Media Transport,,,False,False,,,,x,x
MP-5(1),PROTECTION OUTSIDE OF CONTROLLED AREAS,,,True,True,W: Incorporated into MP-5.,,W,,
MP-5(2),DOCUMENTATION OF ACTIVITIES,,,True,True,W: Incorporated into MP-5.,,W,,
MP-5(3),CUSTODIANS,,,True,False,,,,,
MP-5(4),CRYPTOGRAPHIC PROTECTION,,,True,True,W: Incorporated into SC-28(1).,,,W,
MP-6,Media Sanitization,,,False,False,,x,x,x,x
MP-6(1),"REVIEW, APPROVE, TRACK, DOCUMENT, AND VERIFY",,,True,False,,,,,x
MP-6(2),EQUIPMENT TESTING,,,True,False,,,,,x
MP-6(3),NONDESTRUCTIVE TECHNIQUES,,,True,False,,,,,x
MP-6(4),CONTROLLED UNCLASSIFIED INFORMATION,,,True,True,W: Incorporated into MP-6.,,W,,
MP-6(5),CLASSIFIED INFORMATION,,,True,True,W: Incorporated into MP-6.,,W,,
MP-6(6),MEDIA DESTRUCTION,,,True,True,W: Incorporated into MP-6.,,W,,
MP-6(7),DUAL AUTHORIZATION,,,True,False,,,,,
MP-6(8),REMOTE PURGING OR WIPING OF INFORMATION,,,True,False,,,,,
MP-7,Media Use,,,False,False,,,x,x,x
MP-7(1),PROHIBIT USE WITHOUT OWNER,,,True,True,W: Incorporated into MP-7.,,W,,
MP-7(2),PROHIBIT USE OF SANITIZATION-RESISTANT MEDIA,,,True,False,,,,,
MP-8,Media Downgrading,,,False,False,,,,,
MP-8(1),DOCUMENTATION OF PROCESS,,,True,False,,,,,
MP-8(2),EQUIPMENT TESTING,,,True,False,,,,,
MP-8(3),CONTROLLED UNCLASSIFIED INFORMATION,,,True,False,,,,,
MP-8(4),CLASSIFIED INFORMATION,,,True,False,,,,,
PE-1,Policy and Procedures,3.15,PERSONALLY IDENTIFIABLE INFORMATION PROCESSING AND TRANSPARENCY,False,False,,,x,x,x
PE-2,Physical Access Authorizations,3.15,PERSONALLY IDENTIFIABLE INFORMATION PROCESSING AND TRANSPARENCY,False,False,,,x,x,x
PE-2(1),ACCESS BY POSITION AND ROLE,3.15,PERSONALLY IDENTIFIABLE INFORMATION PROCESSING AND TRANSPARENCY,True,False,,,,,
PE-2(2),TWO FORMS OF IDENTIFICATION,3.15,PERSONALLY IDENTIFIABLE INFORMATION PROCESSING AND TRANSPARENCY,True,False,,,,,
PE-2(3),RESTRICT UNESCORTED ACCESS,3.15,PERSONALLY IDENTIFIABLE INFORMATION PROCESSING AND TRANSPARENCY,True,False,,,,,
PE-3,Physical Access Control,3.15,PERSONALLY IDENTIFIABLE INFORMATION PROCESSING AND TRANSPARENCY,False,False,,,x,x,x
PE-3(1),SYSTEM ACCESS,3.15,PERSONALLY IDENTIFIABLE INFORMATION PROCESSING AND TRANSPARENCY,True,False,,,,,x
PE-3(2),FACILITY AND SYSTEMS,3.15,PERSONALLY IDENTIFIABLE INFORMATION PROCESSING AND TRANSPARENCY,True,False,,,,,
PE-3(3),CONTINUOUS GUARDS,3.15,PERSONALLY IDENTIFIABLE INFORMATION PROCESSING AND TRANSPARENCY,True,False,,,,,
PE-3(4),LOCKABLE CASINGS,3.15,PERSONALLY IDENTIFIABLE INFORMATION PROCESSING AND TRANSPARENCY,True,False,,,,,
PE-3(5),TAMPER PROTECTION,3.15,PERSONALLY IDENTIFIABLE INFORMATION PROCESSING AND TRANSPARENCY,True,False,,,,,
PE-3(6),FACILITY PENETRATION TESTING,3.15,PERSONALLY IDENTIFIABLE INFORMATION PROCESSING AND TRANSPARENCY,True,True,W: Incorporated into CA-8.,,W,,
PE-3(7),PHYSICAL BARRIERS,3.15,PERSONALLY IDENTIFIABLE INFORMATION PROCESSING AND TRANSPARENCY,True,False,,,,,
PE-3(8),ACCESS CONTROL VESTIBULES,3.15,PERSONALLY IDENTIFIABLE INFORMATION PROCESSING AND TRANSPARENCY,True,False,,,,,
PE-4,Access Control for Transmission,3.15,PERSONALLY IDENTIFIABLE INFORMATION PROCESSING AND TRANSPARENCY,False,False,,,,x,x
PE-5,Access Control for Output Devices,3.15,PERSONALLY IDENTIFIABLE INFORMATION PROCESSING AND TRANSPARENCY,False,False,,,,x,x
PE-5(1),ACCESS TO OUTPUT BY AUTHORIZED INDIVIDUALS,3.15,PERSONALLY IDENTIFIABLE INFORMATION PROCESSING AND TRANSPARENCY,True,True,W: Incorporated into PE-5.,,W,,
PE-5(2),LINK TO INDIVIDUAL IDENTITY,3.15,PERSONALLY IDENTIFIABLE INFORMATION PROCESSING AND TRANSPARENCY,True,False,,,,,
PE-5(3),MARKING OUTPUT DEVICES,3.15,PERSONALLY IDENTIFIABLE INFORMATION PROCESSING AND TRANSPARENCY,True,True,W: Incorporated into PE-22.,,W,,
PE-6,Monitoring Physical Access,3.15,PERSONALLY IDENTIFIABLE INFORMATION PROCESSING AND TRANSPARENCY,False,False,,,x,x,x
PE-6(1),INTRUSION ALARMS AND SURVEILLANCE EQUIPMENT,3.15,PERSONALLY IDENTIFIABLE INFORMATION PROCESSING AND TRANSPARENCY,True,False,,,,x,x
PE-6(2),AUTOMATED INTRUSION RECOGNITION AND RESPONSES,3.15,PERSONALLY IDENTIFIABLE INFORMATION PROCESSING AND TRANSPARENCY,True,False,,,,,
PE-6(3),VIDEO SURVEILLANCE,3.15,PERSONALLY IDENTIFIABLE INFORMATION PROCESSING AND TRANSPARENCY,True,False,,,,,
PE-6(4),MONITORING PHYSICAL ACCESS TO SYSTEMS,3.15,PERSONALLY IDENTIFIABLE INFORMATION PROCESSING AND TRANSPARENCY,True,False,,,,,x
PE-7,Visitor Control,3.15,PERSONALLY IDENTIFIABLE INFORMATION PROCESSING AND TRANSPARENCY,False,True,W: Incorporated into PE-2 and PE-3.,,W,,
PE-8,Visitor Access Records,3.15,PERSONALLY IDENTIFIABLE INFORMATION PROCESSING AND TRANSPARENCY,False,False,,,x,x,x
PE-8(1),AUTOMATED RECORDS MAINTENANCE AND REVIEW,3.15,PERSONALLY IDENTIFIABLE INFORMATION PROCESSING AND TRANSPARENCY,True,False,,,,,x
PE-8(2),PHYSICAL ACCESS RECORDS,3.15,PERSONALLY IDENTIFIABLE INFORMATION PROCESSING AND TRANSPARENCY,True,True,W: Incorporated into PE-2.,,W,,
PE-8(3),LIMIT PERSONALLY IDENTIFIABLE INFORMATION ELEMENTS,3.15,PERSONALLY IDENTIFIABLE INFORMATION PROCESSING AND TRANSPARENCY,True,False,,x,,,
PE-9,Power Equipment and Cabling,3.15,PERSONALLY IDENTIFIABLE INFORMATION PROCESSING AND TRANSPARENCY,False,False,,,,x,x
PE-9(1),REDUNDANT CABLING,3.15,PERSONALLY IDENTIFIABLE INFORMATION PROCESSING AND TRANSPARENCY,True,False,,,,,
PE-9(2),AUTOMATIC VOLTAGE CONTROLS,3.15,PERSONALLY IDENTIFIABLE INFORMATION PROCESSING AND TRANSPARENCY,True,False,,,,,
PE-10,Emergency Shutoff,3.15,PERSONALLY IDENTIFIABLE INFORMATION PROCESSING AND TRANSPARENCY,False,False,,,,x,x
PE-10(1),ACCIDENTAL AND UNAUTHORIZED ACTIVATION,3.15,PERSONALLY IDENTIFIABLE INFORMATION PROCESSING AND TRANSPARENCY,True,True,W: Incorporated into PE-10.,,W,,
PE-11,Emergency Power,3.15,PERSONALLY IDENTIFIABLE INFORMATION PROCESSING AND TRANSPARENCY,False,False,,,,x,x
PE-11(1),ALTERNATE POWER SUPPLY — MINIMAL OPERATIONAL CAPABILITY,3.15,PERSONALLY IDENTIFIABLE INFORMATION PROCESSING AND TRANSPARENCY,True,False,,,,,x
PE-11(2),ALTERNATE POWER SUPPLY — SELF-CONTAINED,3.15,PERSONALLY IDENTIFIABLE INFORMATION PROCESSING AND TRANSPARENCY,True,False,,,,,
PE-12,Emergency Lighting,3.15,PERSONALLY IDENTIFIABLE INFORMATION PROCESSING AND TRANSPARENCY,False,False,,,x,x,x
PE-12(1),ESSENTIAL MISSIONS AND BUSINESS FUNCTIONS,3.15,PERSONALLY IDENTIFIABLE INFORMATION PROCESSING AND TRANSPARENCY,True,False,,,,,
PE-13,Fire Protection,3.15,PERSONALLY IDENTIFIABLE INFORMATION PROCESSING AND TRANSPARENCY,False,False,,,x,x,x
PE-13(1),DETECTION SYSTEMS — AUTOMATIC ACTIVATION AND NOTIFICATION,3.15,PERSONALLY IDENTIFIABLE INFORMATION PROCESSING AND TRANSPARENCY,True,False,,,,x,x
PE-13(2),SUPPRESSION SYSTEMS — AUTOMATIC ACTIVATION AND NOTIFICATION,3.15,PERSONALLY IDENTIFIABLE INFORMATION PROCESSING AND TRANSPARENCY,True,False,,,,,x
PE-13(3),AUTOMATIC FIRE SUPPRESSION,3.15,PERSONALLY IDENTIFIABLE INFORMATION PROCESSING AND TRANSPARENCY,True,True,W: Incorporated into PE-13(2).,,W,,
PE-13(4),INSPECTIONS,3.15,PERSONALLY IDENTIFIABLE INFORMATION PROCESSING AND TRANSPARENCY,True,False,,,,,
PE-14,Environmental Controls,3.15,PERSONALLY IDENTIFIABLE INFORMATION PROCESSING AND TRANSPARENCY,False,False,,,x,x,x
PE-14(1),AUTOMATIC CONTROLS,3.15,PERSONALLY IDENTIFIABLE INFORMATION PROCESSING AND TRANSPARENCY,True,False,,,,,
PE-14(2),MONITORING WITH ALARMS AND NOTIFICATIONS,3.15,PERSONALLY IDENTIFIABLE INFORMATION PROCESSING AND TRANSPARENCY,True,False,,,,,
PE-15,Water Damage Protection,3.15,PERSONALLY IDENTIFIABLE INFORMATION PROCESSING AND TRANSPARENCY,False,False,,,x,x,x
PE-15(1),AUTOMATION SUPPORT,3.15,PERSONALLY IDENTIFIABLE INFORMATION PROCESSING AND TRANSPARENCY,True,False,,,,,x
PE-16,Delivery and Removal,3.15,PERSONALLY IDENTIFIABLE INFORMATION PROCESSING AND TRANSPARENCY,False,False,,,x,x,x
PE-17,Alternate Work Site,3.15,PERSONALLY IDENTIFIABLE INFORMATION PROCESSING AND TRANSPARENCY,False,False,,,,x,x
PE-18,Location of System Components,3.15,PERSONALLY IDENTIFIABLE INFORMATION PROCESSING AND TRANSPARENCY,False,False,,,,,x
PE-18(1),FACILITY SITE,3.15,PERSONALLY IDENTIFIABLE INFORMATION PROCESSING AND TRANSPARENCY,True,True,W: Moved to PE-23.,W,,,
PE-19,Information Leakage,3.15,PERSONALLY IDENTIFIABLE INFORMATION PROCESSING AND TRANSPARENCY,False,False,,,,,
PE-19(1),NATIONAL EMISSIONS POLICIES AND PROCEDURES,3.15,PERSONALLY IDENTIFIABLE INFORMATION PROCESSING AND TRANSPARENCY,True,False,,,,,
PE-20,Asset Monitoring and Tracking,3.15,PERSONALLY IDENTIFIABLE INFORMATION PROCESSING AND TRANSPARENCY,False,False,,,,,
PE-21,Electromagnetic Pulse Protection,3.15,PERSONALLY IDENTIFIABLE INFORMATION PROCESSING AND TRANSPARENCY,False,False,,,,,
PE-22,Component Marking,3.15,PERSONALLY IDENTIFIABLE INFORMATION PROCESSING AND TRANSPARENCY,False,False,,,,,
PE-23,Facility Location,3.15,PERSONALLY IDENTIFIABLE INFORMATION PROCESSING AND TRANSPARENCY,False,False,,,,,
PM-1,Information Security Program Plan,3.13,PROGRAM MANAGEMENT,False,False,,,,,
PM-2,Information Security Program Leadership Role,3.13,PROGRAM MANAGEMENT,False,False,,,,,
PM-3,Information Security and Privacy Resources,3.13,PROGRAM MANAGEMENT,False,False,,x,,,
PM-4,Plan of Action and Milestones Process,3.13,PROGRAM MANAGEMENT,False,False,,x,,,
PM-5,System Inventory,3.13,PROGRAM MANAGEMENT,False,False,,,,,
PM-5(1),INVENTORY OF PERSONALLY IDENTIFIABLE INFORMATION,3.13,PROGRAM MANAGEMENT,True,False,,x,,,
PM-6,Measures of Performance,3.13,PROGRAM MANAGEMENT,False,False,,x,,,
PM-7,Enterprise Architecture,3.13,PROGRAM MANAGEMENT,False,False,,x,,,
PM-7(1),OFFLOADING,3.13,PROGRAM MANAGEMENT,True,False,,,,,
PM-8,Critical Infrastructure Plan,3.13,PROGRAM MANAGEMENT,False,False,,x,,,
PM-9,Risk Management Strategy,3.13,PROGRAM MANAGEMENT,False,False,,x,,,
PM-10,Authorization Process,3.13,PROGRAM MANAGEMENT,False,False,,x,,,
PM-11,Mission and Business Process Definition,3.13,PROGRAM MANAGEMENT,False,False,,x,,,
PM-13,Security and Privacy Workforce,3.13,PROGRAM MANAGEMENT,False,False,,x,,,
PM-14,"Testing, Training, and Monitoring",3.13,PROGRAM MANAGEMENT,False,False,,x,,,
PM-15,Security and Privacy Groups and Associations,3.13,PROGRAM MANAGEMENT,False,False,,,,,
PM-16,Threat Awareness Program,3.13,PROGRAM MANAGEMENT,False,False,,,,,
PM-16(1),AUTOMATED MEANS FOR SHARING THREAT INTELLIGENCE,3.13,PROGRAM MANAGEMENT,True,False,,,,,
PM-17,Protecting Controlled Unclassified Information on External Systems,3.13,PROGRAM MANAGEMENT,False,False,,x,,,
PM-18,Privacy Program Plan,3.13,PROGRAM MANAGEMENT,False,False,,x,,,
PM-19,Privacy Program Leadership Role,3.13,PROGRAM MANAGEMENT,False,False,,x,,,
PM-20,Dissemination of Privacy Program Information,3.13,PROGRAM MANAGEMENT,False,False,,x,,,
PM-20(1),"PRIVACY POLICIES ON WEBSITES, APPLICATIONS, AND DIGITAL SERVICES",3.13,PROGRAM MANAGEMENT,True,False,,x,,,
PM-21,Accounting of Disclosures,3.13,PROGRAM MANAGEMENT,False,False,,x,,,
PM-22,Personally Identifiable Information Quality Management,3.13,PROGRAM MANAGEMENT,False,False,,x,,,
PM-23,Data Governance Body,3.13,PROGRAM MANAGEMENT,False,False,,,,,
PM-24,Data Integrity Board,3.13,PROGRAM MANAGEMENT,False,False,,x,,,
PM-25,"Minimization of Personally Identifiable Information Used in Testing, Training, and Research",3.13,PROGRAM MANAGEMENT,False,False,,x,,,
PM-26,Complaint Management,3.13,PROGRAM MANAGEMENT,False,False,,x,,,
PM-27,Privacy Reporting,3.13,PROGRAM MANAGEMENT,False,False,,x,,,
PM-28,Risk Framing,3.13,PROGRAM MANAGEMENT,False,False,,x,,,
PM-29,Risk Management Program Leadership Roles,3.13,PROGRAM MANAGEMENT,False,False,,,,,
PM-30,Supply Chain Risk Management Strategy,3.13,PROGRAM MANAGEMENT,False,False,,,,,
PM-30(1),SUPPLIERS OF CRITICAL OR MISSION-ESSENTIAL ITEMS,3.13,PROGRAM MANAGEMENT,True,False,,,,,
PM-31,Continuous Monitoring Strategy,3.13,PROGRAM MANAGEMENT,False,False,,x,,,
PM-32,Purposing,3.13,PROGRAM MANAGEMENT,False,False,,,,,
PS-1,Policy and Procedures,,,False,False,,,x,x,x
PS-2,Position Risk Designation,,,False,False,,,x,x,x
PS-3,Personnel Screening,,,False,False,,,x,x,x
PS-3(1),CLASSIFIED INFORMATION,,,True,False,,,,,
PS-3(2),FORMAL INDOCTRINATION,,,True,False,,,,,
PS-3(3),INFORMATION REQUIRING SPECIAL PROTECTION MEASURES,,,True,False,,,,,
PS-3(4),CITIZENSHIP REQUIREMENTS,,,True,False,,,,,
PS-4,Personnel Termination,,,False,False,,,x,x,x
PS-4(1),POST-EMPLOYMENT REQUIREMENTS,,,True,False,,,,,
PS-4(2),AUTOMATED ACTIONS,,,True,False,,,,,x
PS-5,Personnel Transfer,,,False,False,,,x,x,x
PS-6,Access Agreements,,,False,False,,x,x,x,x
PS-6(1),INFORMATION REQUIRING SPECIAL PROTECTION,,,True,True,W: Incorporated into PS-3.,,W,,
PS-6(2),CLASSIFIED INFORMATION REQUIRING SPECIAL PROTECTION,,,True,False,,,,,
PS-6(3),POST-EMPLOYMENT REQUIREMENTS,,,True,False,,,,,
PS-7,External Personnel Security,,,False,False,,,x,x,x
PS-8,Personnel Sanctions,,,False,False,,,x,x,x
PS-9,Position Descriptions,,,False,False,,,x,x,x
PT-3(1),,3.15,PERSONALLY IDENTIFIABLE INFORMATION PROCESSING AND TRANSPARENCY,True,False,,,,,
PT-3(2),,3.15,PERSONALLY IDENTIFIABLE INFORMATION PROCESSING AND TRANSPARENCY,True,False,,,,,
PT-4,x,3.15,PERSONALLY IDENTIFIABLE INFORMATION PROCESSING AND TRANSPARENCY,False,False,,,,,
PT-4(3),,3.15,PERSONALLY IDENTIFIABLE INFORMATION PROCESSING AND TRANSPARENCY,True,False,,,,,
PT-5,x,3.15,PERSONALLY IDENTIFIABLE INFORMATION PROCESSING AND TRANSPARENCY,False,False,,,,,
PT-5(1),,3.15,PERSONALLY IDENTIFIABLE INFORMATION PROCESSING AND TRANSPARENCY,True,False,,,,,
PT-5(2),x,3.15,PERSONALLY IDENTIFIABLE INFORMATION PROCESSING AND TRANSPARENCY,True,False,,,,,
PT-6,x,3.15,PERSONALLY IDENTIFIABLE INFORMATION PROCESSING AND TRANSPARENCY,False,False,,,,,
PT-6(1),x,3.15,PERSONALLY IDENTIFIABLE INFORMATION PROCESSING AND TRANSPARENCY,True,False,,,,,
PT-6(2),x,3.15,PERSONALLY IDENTIFIABLE INFORMATION PROCESSING AND TRANSPARENCY,True,False,,,,,
PT-7,x,3.15,PERSONALLY IDENTIFIABLE INFORMATION PROCESSING AND TRANSPARENCY,False,False,,,,,
PT-7(2),x,3.15,PERSONALLY IDENTIFIABLE INFORMATION PROCESSING AND TRANSPARENCY,True,False,,,,,
PT-8,,3.15,PERSONALLY IDENTIFIABLE INFORMATION PROCESSING AND TRANSPARENCY,False,False,,,,,
RA-1,Policy and Procedures,,,False,False,,x,x,x,x
RA-2,Security Categorization,,,False,False,,,x,x,x
RA-2(1),IMPACT-LEVEL PRIORITIZATION,,,True,False,,,,,
RA-3,Risk Assessment,,,False,False,,x,x,x,x
RA-3(1),SUPPLY CHAIN RISK ASSESSMENT,,,True,False,,,x,x,x
RA-3(2),USE OF ALL-SOURCE INTELLIGENCE,,,True,False,,,,,
RA-3(3),DYNAMIC THREAT AWARENESS,,,True,False,,,,,
RA-3(4),PREDICTIVE CYBER ANALYTICS,,,True,False,,,,,
RA-4,Risk Assessment Update,,,False,True,W: Incorporated into RA-3.,,W,,
RA-5,Vulnerability Monitoring and Scanning,,,False,False,,,x,x,x
RA-5(1),UPDATE TOOL CAPABILITY,,,True,True,W: Incorporated into RA-5.,,W,,
RA-5(2),UPDATE VULNERABILITIES TO BE SCANNED,,,True,False,,,x,x,x
RA-5(3),BREADTH AND DEPTH OF COVERAGE,,,True,False,,,,,
RA-5(4),DISCOVERABLE INFORMATION,,,True,False,,,,,x
RA-5(5),PRIVILEGED ACCESS,,,True,False,,,,x,x
RA-5(6),AUTOMATED TREND ANALYSES,,,True,False,,,,,
RA-5(7),AUTOMATED DETECTION AND NOTIFICATION OF UNAUTHORIZED COMPONENTS,,,True,True,W: Incorporated into CM-8.,,W,,
RA-5(8),REVIEW HISTORIC AUDIT LOGS,,,True,False,,,,,
RA-5(9),PENETRATION TESTING AND ANALYSES,,,True,True,W: Incorporated into CA-8.,,W,,
RA-5(10),CORRELATE SCANNING INFORMATION,,,True,False,,,,,
RA-5(11),PUBLIC DISCLOSURE PROGRAM,,,True,False,,,x,x,x
RA-6,Technical Surveillance Countermeasures Survey,,,False,False,,,,,
RA-7,Risk Response,,,False,False,,x,x,x,x
RA-8,Privacy Impact Assessments,,,False,False,,x,,,
RA-9,Criticality Analysis,,,False,False,,,,x,x
RA-10,Threat Hunting,,,False,False,,,,,
SA-1,Policy and Procedures,,,False,False,,x,x,x,x
SA-2,Allocation of Resources,,,False,False,,x,x,x,x
SA-3,System Development Life Cycle,,,False,False,,x,x,x,x
SA-3(1),MANAGE PREPRODUCTION ENVIRONMENT,,,True,False,,,,,
SA-3(2),USE OF LIVE OR OPERATIONAL DATA,,,True,False,,,,,
SA-3(3),TECHNOLOGY REFRESH,,,True,False,,,,,
SA-4,Acquisition Process,,,False,False,,x,x,x,x
SA-4(1),FUNCTIONAL PROPERTIES OF CONTROLS,,,True,False,,,,x,x
SA-4(2),DESIGN AND IMPLEMENTATION INFORMATION FOR CONTROLS,,,True,False,,,,x,x
SA-4(3),"DEVELOPMENT METHODS, TECHNIQUES, AND PRACTICES",,,True,False,,,,,
SA-4(4),ASSIGNMENT OF COMPONENTS TO SYSTEMS,,,True,True,W: Incorporated into CM-8(9).,,,W,
SA-4(5),"SYSTEM, COMPONENT, AND SERVICE CONFIGURATIONS",,,True,False,,,,,x
SA-4(6),USE OF INFORMATION ASSURANCE PRODUCTS,,,True,False,,,,,
SA-4(7),NIAP-APPROVED PROTECTION PROFILES,,,True,False,,,,,
SA-4(8),CONTINUOUS MONITORING PLAN FOR CONTROLS,,,True,False,,,,,
SA-4(9),"FUNCTIONS, PORTS, PROTOCOLS, AND SERVICES IN USE",,,True,False,,,,x,x
SA-4(10),USE OF APPROVED PIV PRODUCTS,,,True,False,,,x,x,x
SA-4(11),SYSTEM OF RECORDS,,,True,False,,,,,
SA-4(12),DATA OWNERSHIP,,,True,False,,,,,
SA-5,System Documentation,,,False,False,,,x,x,x
SA-5(1),FUNCTIONAL PROPERTIES OF SECURITY CONTROLS,,,True,True,W: Incorporated into SA-4(1).,,W,,
SA-5(2),SECURITY-RELEVANT EXTERNAL SYSTEM INTERFACES,,,True,True,W: Incorporated into SA-4(2).,,W,,
SA-5(3),HIGH-LEVEL DESIGN,,,True,True,W: Incorporated into SA-4(2).,,W,,
SA-5(4),LOW-LEVEL DESIGN,,,True,True,W: Incorporated into SA-4(2).,,W,,
SA-5(5),SOURCE CODE,,,True,True,W: Incorporated into SA-4(2).,,W,,
SA-6,Software Usage Restrictions,,,False,True,W: Incorporated into CM-10 and SI-7.,,W,,
SA-7,User-Installed Software,,,False,True,W: Incorporated into CM-11 and SI-7.,,W,,
SA-8,Security and Privacy Engineering Principles,,,False,False,,,x,x,x
SA-8(1),CLEAR ABSTRACTIONS,,,True,False,,,,,
SA-8(2),LEAST COMMON MECHANISM,,,True,False,,,,,
SA-8(3),MODULARITY AND LAYERING,,,True,False,,,,,
SA-8(4),PARTIALLY ORDERED DEPENDENCIES,,,True,False,,,,,
SA-8(5),EFFICIENTLY MEDIATED ACCESS,,,True,False,,,,,
SA-8(6),MINIMIZED SHARING,,,True,False,,,,,
SA-8(7),REDUCED COMPLEXITY,,,True,False,,,,,
SA-8(8),SECURE EVOLVABILITY,,,True,False,,,,,
SA-8(9),TRUSTED COMPONENTS,,,True,False,,,,,
SA-8(10),HIERARCHICAL TRUST,,,True,False,,,,,
SA-8(11),INVERSE MODIFICATION THRESHOLD,,,True,False,,,,,
SA-8(12),HIERARCHICAL PROTECTION,,,True,False,,,,,
SA-8(13),MINIMIZED SECURITY ELEMENTS,,,True,False,,,,,
SA-8(14),LEAST PRIVILEGE,,,True,False,,,,,
SA-8(15),PREDICATE PERMISSION,,,True,False,,,,,
SA-8(16),SELF-RELIANT TRUSTWORTHINESS,,,True,False,,,,,
SA-8(17),SECURE DISTRIBUTED COMPOSITION,,,True,False,,,,,
SA-8(18),TRUSTED COMMUNICATIONS CHANNELS,,,True,False,,,,,
SA-8(19),CONTINUOUS PROTECTION,,,True,False,,,,,
SA-8(20),SECURE METADATA MANAGEMENT,,,True,False,,,,,
SA-8(21),SELF-ANALYSIS,,,True,False,,,,,
SA-8(22),ACCOUNTABILITY AND TRACEABILITY,,,True,False,,,,,
SA-8(23),SECURE DEFAULTS,,,True,False,,,,,
SA-8(24),SECURE FAILURE AND RECOVERY,,,True,False,,,,,
SA-8(25),ECONOMIC SECURITY,,,True,False,,,,,
SA-8(26),PERFORMANCE SECURITY,,,True,False,,,,,
SA-8(27),HUMAN FACTORED SECURITY,,,True,False,,,,,
SA-8(28),ACCEPTABLE SECURITY,,,True,False,,,,,
SA-8(29),REPEATABLE AND DOCUMENTED PROCEDURES,,,True,False,,,,,
SA-8(30),PROCEDURAL RIGOR,,,True,False,,,,,
SA-8(31),SECURE SYSTEM MODIFICATION,,,True,False,,,,,
SA-8(32),SUFFICIENT DOCUMENTATION,,,True,False,,,,,
SA-8(33),MINIMIZATION,,,True,False,,x,,,
SA-9,External System Services,,,False,False,,x,x,x,x
SA-9(1),RISK ASSESSMENTS AND ORGANIZATIONAL APPROVALS,,,True,False,,,,,
SA-9(2),"IDENTIFICATION OF FUNCTIONS, PORTS, PROTOCOLS, AND SERVICES",,,True,False,,,,x,x
SA-9(3),ESTABLISH AND MAINTAIN TRUST RELATIONSHIP WITH PROVIDERS,,,True,False,,,,,
SA-9(4),CONSISTENT INTERESTS OF CONSUMERS AND PROVIDERS,,,True,False,,,,,
SA-9(5),"PROCESSING, STORAGE, AND SERVICE LOCATION",,,True,False,,,,,
SA-9(6),ORGANIZATION-CONTROLLED CRYPTOGRAPHIC KEYS,,,True,False,,,,,
SA-9(7),ORGANIZATION-CONTROLLED INTEGRITY CHECKING,,,True,False,,,,,
SA-9(8),PROCESSING AND STORAGE LOCATION — U.S. JURISDICTION,,,True,False,,,,,
SA-10,Developer Configuration Management,,,False,False,,,,x,x
SA-10(1),SOFTWARE AND FIRMWARE INTEGRITY VERIFICATION,,,True,False,,,,,
SA-10(2),ALTERNATIVE CONFIGURATION MANAGEMENT PROCESSES,,,True,False,,,,,
SA-10(3),HARDWARE INTEGRITY VERIFICATION,,,True,False,,,,,
SA-10(4),TRUSTED GENERATION,,,True,False,,,,,
SA-10(5),MAPPING INTEGRITY FOR VERSION CONTROL,,,True,False,,,,,
SA-10(6),TRUSTED DISTRIBUTION,,,True,False,,,,,
SA-10(7),SECURITY AND PRIVACY REPRESENTATIVES,,,True,False,,,,,
SA-11,Developer Testing and Evaluation,,,False,False,,x,,x,x
SA-11(1),STATIC CODE ANALYSIS,,,True,False,,,,,
SA-11(2),THREAT MODELING AND VULNERABILITY ANALYSES,,,True,False,,,,,
SA-11(3),INDEPENDENT VERIFICATION OF ASSESSMENT PLANS AND EVIDENCE,,,True,False,,,,,
SA-11(4),MANUAL CODE REVIEWS,,,True,False,,,,,
SA-11(5),PENETRATION TESTING,,,True,False,,,,,
SA-11(6),ATTACK SURFACE REVIEWS,,,True,False,,,,,
SA-11(7),VERIFY SCOPE OF TESTING AND EVALUATION,,,True,False,,,,,
SA-11(8),DYNAMIC CODE ANALYSIS,,,True,False,,,,,
SA-11(9),INTERACTIVE APPLICATION SECURITY TESTING,,,True,False,,,,,
SA-12,Supply Chain Protection,,,False,True,W: Moved to SR Family.,,W,,
SA-12(1),"ACQUISITION STRATEGIES, TOOLS, AND METHODS",,,True,True,W: Moved to SR-5.,,W,,
SA-12(2),SUPPLIER REVIEWS,,,True,True,W: Moved to SR-6.,,W,,
SA-12(3),TRUSTED SHIPPING AND WAREHOUSING,,,True,True,W: Incorporated into SR-3.,,W,,
SA-12(4),DIVERSITY OF SUPPLIERS,,,True,True,W: Moved to SR-3(1).,,W,,
SA-12(5),LIMITATION OF HARM,,,True,True,W: Moved to SR-3(2).,,W,,
SA-12(6),MINIMIZING PROCUREMENT TIME,,,True,True,W: Incorporated into SR-5(1).,,,W,
SA-12(7),ASSESSMENTS PRIOR TO SELECTION / ACCEPTANCE / UPDATE,,,True,True,W: Moved to SR-5(2).,,W,,
SA-12(8),USE OF ALL-SOURCE INTELLIGENCE,,,True,True,W: Incorporated into RA-3(2).,,,W,
SA-12(9),OPERATIONS SECURITY,,,True,True,W: Moved to SR-7.,,W,,
SA-12(10),VALIDATE AS GENUINE AND NOT ALTERED,,,True,True,W: Moved to SR-4(3).,,W,,
SA-12(11),"PENETRATION TESTING / ANALYSIS OF ELEMENTS, PROCESSES, AND ACTORS",,,True,True,W: Moved to SR-6(1).,,W,,
SA-12(12),INTER-ORGANIZATIONAL AGREEMENTS,,,True,True,W: Moved to SR-8.,,W,,
SA-12(13),CRITICAL INFORMATION SYSTEM COMPONENTS,,,True,True,W: Incorporated into MA-6 and RA-9.,,,W,
SA-12(14),IDENTITY AND TRACEABILITY,,,True,True,W: Moved to SR-4(1) and SR-4(2).,,,W,
SA-12(15),PROCESSES TO ADDRESS WEAKNESSES OR DEFICIENCIES,,,True,True,W: Incorporated into SR-3.,,W,,
SA-13,Trustworthiness,,,False,True,W: Incorporated into SA-8.,,W,,
SA-14,Criticality Analysis,,,False,True,W: Incorporated into RA-9.,W,,,
SA-14(1),CRITICAL COMPONENTS WITH NO VIABLE ALTERNATIVE SOURCING,,,True,True,W: Incorporated into SA-20.,W,,,
SA-15,"Development Process, Standards, and Tools",,,False,False,,,,x,x
SA-15(1),QUALITY METRICS,,,True,False,,,,,
SA-15(2),SECURITY AND PRIVACY TRACKING TOOLS,,,True,False,,,,,
SA-15(3),CRITICALITY ANALYSIS,,,True,False,,,,x,x
SA-15(4),THREAT MODELING AND VULNERABILITY ANALYSIS,,,True,True,W: Incorporated into SA-11(2).,W,,,
SA-15(5),ATTACK SURFACE REDUCTION,,,True,False,,,,,
SA-15(6),CONTINUOUS IMPROVEMENT,,,True,False,,,,,
SA-15(7),AUTOMATED VULNERABILITY ANALYSIS,,,True,False,,,,,
SA-15(8),REUSE OF THREAT AND VULNERABILITY INFORMATION,,,True,False,,,,,
SA-15(9),USE OF LIVE DATA,,,True,True,W: Incorporated into SA-3(2).,,,W,
SA-15(10),INCIDENT RESPONSE PLAN,,,True,False,,,,,
SA-15(11),ARCHIVE SYSTEM OR COMPONENT,,,True,False,,,,,
SA-15(12),MINIMIZE PERSONALLY IDENTIFIABLE INFORMATION,,,True,False,,,,,
SA-16,Developer-Provided Training,,,False,False,,,,,x
SA-17,Developer Security and Privacy Architecture and Design,,,False,False,,,,,x
SA-17(1),FORMAL POLICY MODEL,,,True,False,,,,,
SA-17(2),SECURITY-RELEVANT COMPONENTS,,,True,False,,,,,
SA-17(3),FORMAL CORRESPONDENCE,,,True,False,,,,,
SA-17(4),INFORMAL CORRESPONDENCE,,,True,False,,,,,
SA-17(5),CONCEPTUALLY SIMPLE DESIGN,,,True,False,,,,,
SA-17(6),STRUCTURE FOR TESTING,,,True,False,,,,,
SA-17(7),STRUCTURE FOR LEAST PRIVILEGE,,,True,False,,,,,
SA-17(8),ORCHESTRATION,,,True,False,,,,,
SA-17(9),DESIGN DIVERSITY,,,True,False,,,,,
SA-18,Tamper Resistance and Detection,,,False,True,W: Moved to SR-9.,,W,,
SA-18(1),MULTIPLE PHASES OF SYSTEM DEVELOPMENT LIFE CYCLE,,,True,True,W: Moved to SR-9(1).,,W,,
SA-18(2),INSPECTION OF SYSTEMS OR COMPONENTS,,,True,True,W: Moved to SR-10.,,W,,
SA-19,Component Authenticity,,,False,True,W: Moved to SR-11.,,W,,
SA-19(1),ANTI-COUNTERFEIT TRAINING,,,True,True,W: Moved to SR-11(1).,,W,,
SA-19(2),CONFIGURATION CONTROL FOR COMPONENT SERVICE AND REPAIR,,,True,True,W: Moved to SR-11(2).,,W,,
SA-19(3),COMPONENT DISPOSAL,,,True,True,W: Moved to SR-12.,,W,,
SA-19(4),ANTI-COUNTERFEIT SCANNING,,,True,True,W: Moved to SR-11(3).,,W,,
SA-20,Customized Development of Critical Components,,,False,False,,,,,
SA-21,Developer Screening,,,False,False,,,,,x
SA-21(1),VALIDATION OF SCREENING,,,True,True,W: Incorporated into SA-21.,,W,,
SA-22,Unsupported System Components,,,False,False,,,x,x,x
SA-22(1),ALTERNATIVE SOURCES FOR CONTINUED SUPPORT,,,True,True,W: Incorporated into SA-22.,,W,,
SA-23,Specialization,,,False,False,,,,,
SC-1,Policy and Procedures,,,False,False,,,x,x,x
SC-2,Separation of System and User Functionality,,,False,False,,,,x,x
SC-2(1),INTERFACES FOR NON-PRIVILEGED USERS,,,True,False,,,,,
SC-2(2),DISASSOCIABILITY,,,True,False,,,,,
SC-3,Security Function Isolation,,,False,False,,,,,x
SC-3(1),HARDWARE SEPARATION,,,True,False,,,,,
SC-3(2),ACCESS AND FLOW CONTROL FUNCTIONS,,,True,False,,,,,
SC-3(3),MINIMIZE NONSECURITY FUNCTIONALITY,,,True,False,,,,,
SC-3(4),MODULE COUPLING AND COHESIVENESS,,,True,False,,,,,
SC-3(5),LAYERED STRUCTURES,,,True,False,,,,,
SC-4,Information in Shared System Resources,,,False,False,,,,x,x
SC-4(1),SECURITY LEVELS,,,True,True,W: Incorporated into SC-4.,,W,,
SC-4(2),MULTILEVEL OR PERIODS PROCESSING,,,True,False,,,,,
SC-5,Denial-of-Service Protection,,,False,False,,,x,x,x
SC-5(1),RESTRICT ABILITY TO ATTACK OTHER SYSTEMS,,,True,False,,,,,
SC-5(2),"CAPACITY, BANDWIDTH, AND REDUNDANCY",,,True,False,,,,,
SC-5(3),DETECTION AND MONITORING,,,True,False,,,,,
SC-6,Resource Availability,,,False,False,,,,,
SC-7,Boundary Protection,,,False,False,,,x,x,x
SC-7(1),PHYSICALLY SEPARATED SUBNETWORKS,,,True,True,W: Incorporated into SC-7.,,W,,
SC-7(2),PUBLIC ACCESS,,,True,True,W: Incorporated into SC-7.,,W,,
SC-7(3),ACCESS POINTS,,,True,False,,,,x,x
SC-7(4),EXTERNAL TELECOMMUNICATIONS SERVICES,,,True,False,,,,x,x
SC-7(5),DENY BY DEFAULT — ALLOW BY EXCEPTION,,,True,False,,,,x,x
SC-7(6),RESPONSE TO RECOGNIZED FAILURES,,,True,True,W: Incorporated into SC-7(18).,,W,,
SC-7(7),SPLIT TUNNELING FOR REMOTE DEVICES,,,True,False,,,,x,x
SC-7(8),ROUTE TRAFFIC TO AUTHENTICATED PROXY SERVERS,,,True,False,,,,x,x
SC-7(9),RESTRICT THREATENING OUTGOING COMMUNICATIONS TRAFFIC,,,True,False,,,,,
SC-7(10),PREVENT EXFILTRATION,,,True,False,,,,,
SC-7(11),RESTRICT INCOMING COMMUNICATIONS TRAFFIC,,,True,False,,,,,
SC-7(12),HOST-BASED PROTECTION,,,True,False,,,,,
SC-7(13),"ISOLATION OF SECURITY TOOLS, MECHANISMS, AND SUPPORT COMPONENTS",,,True,False,,,,,
SC-7(14),PROTECT AGAINST UNAUTHORIZED PHYSICAL CONNECTIONS,,,True,False,,,,,
SC-7(15),NETWORKED PRIVILEGED ACCESSES,,,True,False,,,,,
SC-7(16),PREVENT DISCOVERY OF SYSTEM COMPONENTS,,,True,False,,,,,
SC-7(17),AUTOMATED ENFORCEMENT OF PROTOCOL FORMATS,,,True,False,,,,,
SC-7(18),FAIL SECURE,,,True,False,,,,,x
SC-7(19),BLOCK COMMUNICATION FROM NON-ORGANIZATIONALLY CONFIGURED HOSTS,,,True,False,,,,,
SC-7(20),DYNAMIC ISOLATION AND SEGREGATION,,,True,False,,,,,
SC-7(21),ISOLATION OF SYSTEM COMPONENTS,,,True,False,,,,,x
SC-7(22),SEPARATE SUBNETS FOR CONNECTING TO DIFFERENT SECURITY DOMAINS,,,True,False,,,,,
SC-7(23),DISABLE SENDER FEEDBACK ON PROTOCOL VALIDATION FAILURE,,,True,False,,,,,
SC-7(24),PERSONALLY IDENTIFIABLE INFORMATION,,,True,False,,x,,,
SC-7(25),UNCLASSIFIED NATIONAL SECURITY SYSTEM CONNECTIONS,,,True,False,,,,,
SC-7(26),CLASSIFIED NATIONAL SECURITY SYSTEM CONNECTIONS,,,True,False,,,,,
SC-7(27),UNCLASSIFIED NON-NATIONAL SECURITY SYSTEM CONNECTIONS,,,True,False,,,,,
SC-7(28),CONNECTIONS TO PUBLIC NETWORKS,,,True,False,,,,,
SC-7(29),SEPARATE SUBNETS TO ISOLATE FUNCTIONS,,,True,False,,,,,
SC-8,Transmission Confidentiality and Integrity,,,False,False,,,,x,x
SC-8(1),CRYPTOGRAPHIC PROTECTION,,,True,False,,,,x,x
SC-8(2),PRE- AND POST-TRANSMISSION HANDLING,,,True,False,,,,,
SC-8(3),CRYPTOGRAPHIC PROTECTION FOR MESSAGE EXTERNALS,,,True,False,,,,,
SC-8(4),CONCEAL OR RANDOMIZE COMMUNICATIONS,,,True,False,,,,,
SC-8(5),PROTECTED DISTRIBUTION SYSTEM,,,True,False,,,,,
SC-9,Transmission Confidentiality,,,False,True,W: Incorporated into SC-8.,,W,,
SC-10,Network Disconnect,,,False,False,,,,x,x
SC-11,Trusted Path,,,False,False,,,,,
SC-11(1),IRREFUTABLE COMMUNICATIONS PATH,,,True,False,,,,,
SC-12,Cryptographic Key Establishment and Management,,,False,False,,,x,x,x
SC-12(1),AVAILABILITY,,,True,False,,,,,x
SC-12(2),SYMMETRIC KEYS,,,True,False,,,,,
SC-12(3),ASYMMETRIC KEYS,,,True,False,,,,,
SC-12(4),PKI CERTIFICATES,,,True,True,W: Incorporated into SC-12(3).,,,W,
SC-12(5),PKI CERTIFICATES / HARDWARE TOKENS,,,True,True,W: Incorporated into SC-12(3).,,,W,
SC-12(6),PHYSICAL CONTROL OF KEYS,,,True,False,,,,,
SC-13,Cryptographic Protection,,,False,False,,,x,x,x
SC-13(1),FIPS-VALIDATED CRYPTOGRAPHY,,,True,True,W: Incorporated into SC-13.,,W,,
SC-13(2),NSA-APPROVED CRYPTOGRAPHY,,,True,True,W: Incorporated into SC-13.,,W,,
SC-13(3),INDIVIDUALS WITHOUT FORMAL ACCESS APPROVALS,,,True,True,W: Incorporated into SC-13.,,W,,
SC-13(4),DIGITAL SIGNATURES,,,True,True,W: Incorporated into SC-13.,W,,,
SC-14,Public Access Protections,,,False,True,"W: Incorporated into AC-2, AC-3, AC 5, SI-3, SI-4, SI-5, SI-7, and SI-10.",,,W,
SC-15,Collaborative Computing Devices and Applications,,,False,False,,,x,x,x
SC-15(1),PHYSICAL OR LOGICAL DISCONNECT,,,True,False,,,,,
SC-15(2),BLOCKING INBOUND AND OUTBOUND COMMUNICATIONS TRAFFIC,,,True,True,W: Incorporated into SC-7.,,W,,
SC-15(3),DISABLING AND REMOVAL IN SECURE WORK AREAS,,,True,False,,,,,
SC-15(4),EXPLICITLY INDICATE CURRENT PARTICIPANTS,,,True,False,,,,,
SC-16,Transmission of Security and Privacy Attributes,,,False,False,,,,,
SC-16(1),INTEGRITY VERIFICATION,,,True,False,,,,,
SC-16(2),ANTI-SPOOFING MECHANISMS,,,True,False,,,,,
SC-16(3),CRYPTOGRAPHIC BINDING,,,True,False,,,,,
SC-17,Public Key Infrastructure Certificates,,,False,False,,,,x,x
SC-18,Mobile Code,,,False,False,,,,x,x
SC-18(1),IDENTIFY UNACCEPTABLE CODE AND TAKE CORRECTIVE ACTIONS,,,True,False,,,,,
SC-18(2),"ACQUISITION, DEVELOPMENT, AND USE",,,True,False,,,,,
SC-18(3),PREVENT DOWNLOADING AND EXECUTION,,,True,False,,,,,
SC-18(4),PREVENT AUTOMATIC EXECUTION,,,True,False,,,,,
SC-18(5),ALLOW EXECUTION ONLY IN CONFINED ENVIRONMENTS,,,True,False,,,,,
SC-19,Voice over Internet Protocol,,,False,True,W: Technology-specific; addressed as any other technology or protocol.,,W,,
SC-20,Secure Name/Address Resolution Service (Authoritative Source),,,False,False,,,x,x,x
SC-20(1),CHILD SUBSPACES,,,True,True,W: Incorporated into SC-20.,,W,,
SC-20(2),DATA ORIGIN AND INTEGRITY,,,True,False,,,,,
SC-21,Secure Name/Address Resolution Service (Recursive or Caching Resolver),,,False,False,,,x,x,x
SC-21(1),DATA ORIGIN AND INTEGRITY,,,True,True,W: Incorporated into SC-21.,,W,,
SC-22,Architecture and Provisioning for,,,False,False,,,x,x,x
SC-23,Session Authenticity,,,False,False,,,,x,x
SC-23(1),INVALIDATE SESSION IDENTIFIERS AT LOGOUT,,,True,False,,,,,
SC-23(2),USER-INITIATED LOGOUTS AND MESSAGE DISPLAYS,,,True,True,W: Incorporated into AC-12(1).,,,W,
SC-23(3),UNIQUE SYSTEM-GENERATED SESSION IDENTIFIERS,,,True,False,,,,,
SC-23(4),UNIQUE SESSION IDENTIFIERS WITH RANDOMIZATION,,,True,True,W: Incorporated into SC-23(3).,,,W,
SC-23(5),ALLOWED CERTIFICATE AUTHORITIES,,,True,False,,,,,
SC-24,Fail in Known State,,,False,False,,,,,x
SC-25,Thin Nodes,,,False,False,,,,,
SC-26,Decoys,,,False,False,,,,,
SC-26(1),DETECTION OF MALICIOUS CODE,,,True,True,W: Incorporated into SC-35.,,W,,
SC-27,Platform-Independent Applications,,,False,False,,,,,
SC-28,Protection of Information at Rest,,,False,False,,,,x,x
SC-28(1),CRYPTOGRAPHIC PROTECTION,,,True,False,,,,x,x
SC-28(2),OFFLINE STORAGE,,,True,False,,,,,
SC-28(3),CRYPTOGRAPHIC KEYS,,,True,False,,,,,
SC-29,Heterogeneity,,,False,False,,,,,
SC-29(1),VIRTUALIZATION TECHNIQUES,,,True,False,,,,,
SC-30,Concealment and Misdirection,,,False,False,,,,,
SC-30(1),VIRTUALIZATION TECHNIQUES,,,True,True,W: Incorporated into SC-29(1).,,W,,
SC-30(2),RANDOMNESS,,,True,False,,,,,
SC-30(3),CHANGE PROCESSING AND STORAGE LOCATIONS,,,True,False,,,,,
SC-30(4),MISLEADING INFORMATION,,,True,False,,,,,
SC-30(5),CONCEALMENT OF SYSTEM COMPONENTS,,,True,False,,,,,
SC-31,Covert Channel Analysis,,,False,False,,,,,
SC-31(1),TEST COVERT CHANNELS FOR EXPLOITABILITY,,,True,False,,,,,
SC-31(2),MAXIMUM BANDWIDTH,,,True,False,,,,,
SC-31(3),MEASURE BANDWIDTH IN OPERATIONAL ENVIRONMENTS,,,True,False,,,,,
SC-32,System Partitioning,,,False,False,,,,,
SC-32(1),SEPARATE PHYSICAL DOMAINS FOR PRIVILEGED FUNCTIONS,,,True,False,,,,,
SC-33,Transmission Preparation Integrity,,,False,True,W: Incorporated into SC-8.,,W,,
SC-34,Non-Modifiable Executable Programs,,,False,False,,,,,
SC-34(1),NO WRITABLE STORAGE,,,True,False,,,,,
SC-34(2),INTEGRITY PROTECTION AND READ-ONLY MEDIA,,,True,False,,,,,
SC-34(3),HARDWARE-BASED PROTECTION,,,True,True,W: Moved to SC-51.,,W,,
SC-35,External Malicious Code Identification,,,False,False,,,,,
SC-36,Distributed Processing and Storage,,,False,False,,,,,
SC-36(1),POLLING TECHNIQUES,,,True,False,,,,,
SC-36(2),SYNCHRONIZATION,,,True,False,,,,,
SC-37,Out-of-Band Channels,,,False,False,,,,,
SC-37(1),ENSURE DELIVERY AND TRANSMISSION,,,True,False,,,,,
SC-38,Operations Security,,,False,False,,,,,
SC-39,Process Isolation,,,False,False,,,x,x,x
SC-39(1),HARDWARE SEPARATION,,,True,False,,,,,
SC-39(2),SEPARATE EXECUTION DOMAIN PER THREAD,,,True,False,,,,,
SC-40,Wireless Link Protection,,,False,False,,,,,
SC-40(1),ELECTROMAGNETIC INTERFERENCE,,,True,False,,,,,
SC-40(2),REDUCE DETECTION POTENTIAL,,,True,False,,,,,
SC-40(3),IMITATIVE OR MANIPULATIVE COMMUNICATIONS DECEPTION,,,True,False,,,,,
SC-40(4),SIGNAL PARAMETER IDENTIFICATION,,,True,False,,,,,
SC-41,Port and I/O Device Access,,,False,False,,,,,
SC-42,Sensor Capability and Data,,,False,False,,,,,
SC-42(1),REPORTING TO AUTHORIZED INDIVIDUALS OR ROLES,,,True,False,,,,,
SC-42(2),AUTHORIZED USE,,,True,False,,,,,
SC-42(3),PROHIBIT USE OF DEVICES,,,True,True,W: Incorporated into SC-42.,,W,,
SC-42(4),NOTICE OF COLLECTION,,,True,False,,,,,
SC-42(5),COLLECTION MINIMIZATION,,,True,False,,,,,
SC-43,Usage Restrictions,,,False,False,,,,,
SC-44,Detonation Chambers,,,False,False,,,,,
SC-45,System Time Synchronization,,,False,False,,,,,
SC-45(1),SYNCHRONIZATION WITH AUTHORITATIVE TIME SOURCE,,,True,False,,,,,
SC-45(2),SECONDARY AUTHORITATIVE TIME SOURCE,,,True,False,,,,,
SC-46,Cross Domain Policy Enforcement,,,False,False,,,,,
SC-47,Alternate Communications Paths,,,False,False,,,,,
SC-48,Sensor Relocation,,,False,False,,,,,
SC-48(1),DYNAMIC RELOCATION OF SENSORS OR MONITORING CAPABILITIES,,,True,False,,,,,
SC-49,Hardware-Enforced Separation and Policy Enforcement,,,False,False,,,,,
SC-50,Software-Enforced Separation and Policy Enforcement,,,False,False,,,,,
SC-51,Hardware-Based Protection,,,False,False,,,,,
SI-1,Policy and Procedures,,,False,False,,x,x,x,x
SI-2,Flaw Remediation,,,False,False,,,x,x,x
SI-2(1),CENTRAL MANAGEMENT,,,True,True,W: Incorporated into PL-9.,,W,,
SI-2(2),AUTOMATED FLAW REMEDIATION STATUS,,,True,False,,,,x,x
SI-2(3),TIME TO REMEDIATE FLAWS AND BENCHMARKS FOR CORRECTIVE ACTIONS,,,True,False,,,,,
SI-2(4),AUTOMATED PATCH MANAGEMENT TOOLS,,,True,False,,,,,
SI-2(5),AUTOMATIC SOFTWARE AND FIRMWARE UPDATES,,,True,False,,,,,
SI-2(6),REMOVAL OF PREVIOUS VERSIONS OF SOFTWARE AND FIRMWARE,,,True,False,,,,,
SI-3,Malicious Code Protection,,,False,False,,,x,x,x
SI-3(1),CENTRAL MANAGEMENT,,,True,True,W: Incorporated into PL-9.,,W,,
SI-3(2),AUTOMATIC UPDATES,,,True,True,W: Incorporated into SI-3.,,W,,
SI-3(3),NON-PRIVILEGED USERS,,,True,True,W: Incorporated into AC-6(10).,,,W,
SI-3(4),UPDATES ONLY BY PRIVILEGED USERS,,,True,False,,,,,
SI-3(5),PORTABLE STORAGE DEVICES,,,True,True,W: Incorporated into MP-7.,,W,,
SI-3(6),TESTING AND VERIFICATION,,,True,False,,,,,
SI-3(7),NONSIGNATURE-BASED DETECTION,,,True,True,W: Incorporated into SI-3.,,W,,
SI-3(8),DETECT UNAUTHORIZED COMMANDS,,,True,False,,,,,
SI-3(9),AUTHENTICATE REMOTE COMMANDS,,,True,True,W: Moved to AC-17(10).,,W,,
SI-3(10),MALICIOUS CODE ANALYSIS,,,True,False,,,,,
SI-4,System Monitoring,,,False,False,,,x,x,x
SI-4(1),SYSTEM-WIDE INTRUSION DETECTION SYSTEM,,,True,False,,,,,
SI-4(2),AUTOMATED TOOLS AND MECHANISMS FOR REAL-TIME ANALYSIS,,,True,False,,,,x,x
SI-4(3),AUTOMATED TOOL AND MECHANISM INTEGRATION,,,True,False,,,,,
SI-4(4),INBOUND AND OUTBOUND COMMUNICATIONS TRAFFIC,,,True,False,,,,x,x
SI-4(5),SYSTEM-GENERATED ALERTS,,,True,False,,,,x,x
SI-4(6),RESTRICT NON-PRIVILEGED USERS,,,True,True,W: Incorporated into AC-6(10).,,,W,
SI-4(7),AUTOMATED RESPONSE TO SUSPICIOUS EVENTS,,,True,False,,,,,
SI-4(8),PROTECTION OF MONITORING INFORMATION,,,True,True,W: Incorporated into SI-4.,,W,,
SI-4(9),TESTING OF MONITORING TOOLS AND MECHANISMS,,,True,False,,,,,
SI-4(10),VISIBILITY OF ENCRYPTED COMMUNICATIONS,,,True,False,,,,,x
SI-4(11),ANALYZE COMMUNICATIONS TRAFFIC ANOMALIES,,,True,False,,,,,
SI-4(12),AUTOMATED ORGANIZATION-GENERATED ALERTS,,,True,False,,,,,x
SI-4(13),ANALYZE TRAFFIC AND EVENT PATTERNS,,,True,False,,,,,
SI-4(14),WIRELESS INTRUSION DETECTION,,,True,False,,,,,x
SI-4(15),WIRELESS TO WIRELINE COMMUNICATIONS,,,True,False,,,,,
SI-4(16),CORRELATE MONITORING INFORMATION,,,True,False,,,,,
SI-4(17),INTEGRATED SITUATIONAL AWARENESS,,,True,False,,,,,
SI-4(18),ANALYZE TRAFFIC AND COVERT EXFILTRATION,,,True,False,,,,,
SI-4(19),RISK FOR INDIVIDUALS,,,True,False,,,,,
SI-4(20),PRIVILEGED USERS,,,True,False,,,,,x
SI-4(21),PROBATIONARY PERIODS,,,True,False,,,,,
SI-4(22),UNAUTHORIZED NETWORK SERVICES,,,True,False,,,,,x
SI-4(23),HOST-BASED DEVICES,,,True,False,,,,,
SI-4(24),INDICATORS OF COMPROMISE,,,True,False,,,,,
SI-4(25),OPTIMIZE NETWORK TRAFFIC ANALYSIS,,,True,False,,,,,
SI-5,"Security Alerts, Advisories, and Directives",,,False,False,,,x,x,x
SI-5(1),AUTOMATED ALERTS AND ADVISORIES,,,True,False,,,,,x
SI-6,Security and Privacy Function Verification,,,False,False,,,,,x
SI-6(1),NOTIFICATION OF FAILED SECURITY TESTS,,,True,True,W: Incorporated into SI-6.,,W,,
SI-6(2),AUTOMATION SUPPORT FOR DISTRIBUTED TESTING,,,True,False,,,,,
SI-6(3),REPORT VERIFICATION RESULTS,,,True,False,,,,,
SI-7,"Software, Firmware, and Information Integrity",,,False,False,,,,x,x
SI-7(1),INTEGRITY CHECKS,,,True,False,,,,x,x
SI-7(2),AUTOMATED NOTIFICATIONS OF INTEGRITY VIOLATIONS,,,True,False,,,,,x
SI-7(3),CENTRALLY MANAGED INTEGRITY TOOLS,,,True,False,,,,,
SI-7(4),TAMPER-EVIDENT PACKAGING,,,True,True,W: Incorporated into SR-9.,,W,,
SI-7(5),AUTOMATED RESPONSE TO INTEGRITY VIOLATIONS,,,True,False,,,,,x
SI-7(6),CRYPTOGRAPHIC PROTECTION,,,True,False,,,,,
SI-7(7),INTEGRATION OF DETECTION AND RESPONSE,,,True,False,,,,x,x
SI-7(8),AUDITING CAPABILITY FOR SIGNIFICANT EVENTS,,,True,False,,,,,
SI-7(9),VERIFY BOOT PROCESS,,,True,False,,,,,
SI-7(10),PROTECTION OF BOOT FIRMWARE,,,True,True,W: Moved to CM-7(6).,,W,,
SI-7(11),CONFINED ENVIRONMENTS WITH LIMITED PRIVILEGES,,,True,False,,,,,
SI-7(12),INTEGRITY VERIFICATION,,,True,True,W: Moved to CM-7(7).,,W,,
SI-7(14),CODE EXECUTION IN PROTECTED ENVIRONMENTS,,,True,True,W: Moved to CM-7(8).,,W,,
SI-7(15),BINARY OR MACHINE EXECUTABLE CODE,,,True,False,,,,,x
SI-7(16),TIME LIMIT ON PROCESS EXECUTION WITHOUT SUPERVISION RUNTIME APPLICATION SELF-PROTECTION,,,True,False,,,,,
SI-8,Spam Protection,,,False,True,W: Incorporated into PL-9.,,W,,
SI-8(2),CENTRAL MANAGEMENT,,,True,False,,,,x,x
SI-8(3),AUTOMATIC UPDATES,,,True,False,,,,,
SI-9,CONTINUOUS LEARNING CAPABILITY Information Input Restrictions,,,False,True,"W: Incorporated into AC-2, AC-3, AC",,,W,
SI-10,Information Input Validation,,,False,False,,,,x,x
SI-10(1),MANUAL OVERRIDE CAPABILITY,,,True,False,,,,,
SI-10(2),REVIEW AND RESOLVE ERRORS,,,True,False,,,,,
SI-10(3),PREDICTABLE BEHAVIOR,,,True,False,,,,,
SI-10(4),TIMING INTERACTIONS,,,True,False,,,,,
SI-10(5),RESTRICT INPUTS TO TRUSTED SOURCES AND APPROVED FORMATS,,,True,False,,,,,
SI-10(6),INJECTION PREVENTION,,,True,False,,,,,
SI-11,Error Handling,,,False,False,,,,x,x
SI-12,Information Management and Retention,,,False,False,,x,x,x,x
SI-12(1),LIMIT PERSONALLY IDENTIFIABLE INFORMATION ELEMENTS,,,True,False,,x,,,
SI-12(2),"MINIMIZE PERSONALLY IDENTIFIABLE INFORMATION IN TESTING, TRAINING, AND RESEARCH",,,True,False,,x,,,
SI-12(3),INFORMATION DISPOSAL,,,True,False,,x,,,
SI-13,Predictable Failure Prevention,,,False,False,,,,,
SI-13(1),TRANSFERRING COMPONENT RESPONSIBILITIES,,,True,False,,,,,
SI-13(2),TIME LIMIT ON PROCESS EXECUTION WITHOUT SUPERVISION,,,True,True,W: Incorporated into SI-7(16).,,,W,
SI-13(3),MANUAL TRANSFER BETWEEN COMPONENTS,,,True,False,,,,,
SI-13(4),STANDBY COMPONENT INSTALLATION AND NOTIFICATION,,,True,False,,,,,
SI-13(5),FAILOVER CAPABILITY,,,True,False,,,,,
SI-14,Non-Persistence,,,False,False,,,,,
SI-14(1),REFRESH FROM TRUSTED SOURCES,,,True,False,,,,,
SI-14(2),NON-PERSISTENT INFORMATION,,,True,False,,,,,
SI-14(3),NON-PERSISTENT CONNECTIVITY,,,True,False,,,,,
SI-15,Information Output Filtering,,,False,False,,,,,
SI-16,Memory Protection,,,False,False,,,,x,x
SI-17,Fail-Safe Procedures,,,False,False,,,,,
SI-18,Personally Identifiable Information Quality Operations,,,False,False,,x,,,
SI-18(1),AUTOMATION SUPPORT,,,True,False,,,,,
SI-18(2),DATA TAGS,,,True,False,,,,,
SI-18(3),COLLECTION,,,True,False,,,,,
SI-18(4),INDIVIDUAL REQUESTS,,,True,False,,x,,,
SI-18(5),NOTICE OF CORRECTION OR DELETION,,,True,False,,,,,
SI-19,De-identification,,,False,False,,x,,,
SI-19(1),COLLECTION,,,True,False,,,,,
SI-19(2),ARCHIVING,,,True,False,,,,,
SI-19(3),RELEASE,,,True,False,,,,,
SI-19(4),"REMOVAL, MASKING, ENCRYPTION, HASHING, OR REPLACEMENT OF DIRECT IDENTIFIERS",,,True,False,,,,,
SI-19(5),STATISTICAL DISCLOSURE CONTROL,,,True,False,,,,,
SI-19(6),DIFFERENTIAL PRIVACY,,,True,False,,,,,
SI-19(7),VALIDATED ALGORITHMS AND SOFTWARE,,,True,False,,,,,
SI-19(8),MOTIVATED INTRUDER,,,True,False,,,,,
SI-20,Tainting,,,False,False,,,,,
SI-21,Information Refresh,,,False,False,,,,,
SI-22,Information Diversity,,,False,False,,,,,
SI-23,Information Fragmentation,,,False,False,,,,,
SR-1,Policy and Procedures,,,False,False,,,x,x,x
SR-2,Supply Chain Risk Management Plan,,,False,False,,,x,x,x
SR-2(1),ESTABLISH SCRM TEAM,,,True,False,,,x,x,x
SR-3,Supply Chain Controls and Processes,,,False,False,,,x,x,x
SR-3(1),DIVERSE SUPPLY BASE,,,True,False,,,,,
SR-3(2),LIMITATION OF HARM,,,True,False,,,,,
SR-3(3),SUB-TIER FLOW DOWN,,,True,False,,,,,
SR-4,Provenance,,,False,False,,,,,
SR-4(1),IDENTITY,,,True,False,,,,,
SR-4(2),TRACK AND TRACE,,,True,False,,,,,
SR-4(3),VALIDATE AS GENUINE AND NOT ALTERED,,,True,False,,,,,
SR-4(4),SUPPLY CHAIN INTEGRITY — PEDIGREE,,,True,False,,,,,
SR-5,"Acquisition Strategies, Tools, and Methods",,,False,False,,,x,x,x
SR-5(1),ADEQUATE SUPPLY,,,True,False,,,,,
SR-5(2),"ASSESSMENTS PRIOR TO SELECTION, ACCEPTANCE, MODIFICATION, OR UPDATE",,,True,False,,,,,
SR-6,Supplier Assessments and Reviews,,,False,False,,,,x,x
SR-6(1),TESTING AND ANALYSIS,,,True,False,,,,,
SR-7,Supply Chain Operations Security,,,False,False,,,,,
SR-8,Notification Agreements,,,False,False,,,x,x,x
SR-9,Tamper Resistance and Detection,,,False,False,,,,,x
SR-9(1),MULTIPLE STAGES OF SYSTEM DEVELOPMENT LIFE CYCLE,,,True,False,,,,,x
SR-10,Inspection of Systems or Components,,,False,False,,,x,x,x
SR-11,Component Authenticity,,,False,False,,,x,x,x
SR-11(1),ANTI-COUNTERFEIT TRAINING,,,True,False,,,x,x,x
SR-11(2),CONFIGURATION CONTROL FOR COMPONENT SERVICE AND REPAIR,,,True,False,,,x,x,x
SR-11(3),ANTI-COUNTERFEIT SCANNING,,,True,False,,,,,
SR-12,COMPONENT DISPOSAL,,,False,False,,,x,x,x
CM-2,Baseline Configuration,,,False,False,,,,,
PM-12,Insider Threat Program,3.13,PROGRAM MANAGEMENT,False,False,,,,,
PT-4(1),,3.15,PERSONALLY IDENTIFIABLE INFORMATION PROCESSING AND TRANSPARENCY,True,False,,,,,
PT-4(2),,3.15,PERSONALLY IDENTIFIABLE INFORMATION PROCESSING AND TRANSPARENCY,True,False,,,,,
PT-7(1),,3.15,PERSONALLY IDENTIFIABLE INFORMATION PROCESSING AND TRANSPARENCY,True,False,,,,,
