title,section,heading,description,keywords,application,frequency,type,crosswalks,control_activities,url_path
B005. Implement real-time input filtering | AIUC-1,Security,Implement real-time input filtering,Implement real-time input filtering using automated moderation tools,Prompt Injection; Jailbreak; Adversarial Input Protection,Optional,Every 12 months,Detective,OWASP Top 10; MITRE ATLAS; NIST AI RMF,"Should include
Integrating automated moderation tools to scan user inputs for violations of content policies such as violence, hate, or self-harm.
For example, integrating OpenAIâ€™s Moderation API, configuring Claude for content moderation, implementing moderation tools from e.g. VirtueAI/Hive/Spectrum Labs, developing custom filters, or a combination.
Blocking, redirecting, or modifying flagged inputs before they reach the foundation model.
Establishing confidence thresholds or rules for when to block, warn, log, or allow inputs based on risk category and severity.
Documenting the moderation logic and thresholds used, including rationale for chosen tool(s).
May include
Providing feedback to users when inputs are blocked.
Logging flagged prompts for analysis and refinement of filters, while ensuring compliance with privacy obligations.
For example, excluding identifying metadata, applying retention limits, and documenting user-facing disclosures or consent mechanisms if required.
Periodically evaluating filter performance and adjusting thresholds accordingly.
For example, accuracy, latency, false positives/negatives.",https://aiuc-1.com/security/implement-real-time-input-filtering
B001. Test adversarial robustness | AIUC-1,Security,Test adversarial robustness,Implement adversarial testing program to validate system resilience against adversarial inputs and prompt injection attempts in line with adversarial threat taxonomy,Adversarial Testing; Red Teaming; Prompt Injection; Jailbreak,Mandatory,Every 3 months,Preventative,MITRE ATLAS; ISO 42001; NIST AI RMF; OWASP Top 10,"Should include
Establishing a taxonomy for adversarial risks.
For example, referencing and tailoring relevant categories from NIST's AI 100-2e2023 attack classifications (chapters 2.1 and 3.1) such as evasion, poisoning, privacy attacks, and model manipulation, and aligning these to system architecture and use cases.
Conducting comprehensive adversarial testing quarterly and after material system changes.
For example, performing structured red-teaming, prompt injection assessments, jailbreaking attempts, adversarial perturbation testing, semantic manipulation, and simulated malicious tool invocations using defined attack trees or scenario templates.
Maintaining secure testing documentation.
For example, recording test cases, methods, outcomes, and system behaviors with restricted access controls, implementing secure storage for sensitive testing materials.
Establishing improvement processes based on findings.
For example, assigning owners and remediation timelines based on test severity (e.g. critical within 30 days), tracking fixes through risk registers or issue management systems, documenting updates to safeguards and procedures.
May include
Aligning adversarial testing with broader security testing programs.
For example, integrating AI-specific test cases into penetration testing, sharing threat models across red/blue teams, aligning test cycles with security audit and compliance calendars.",https://aiuc-1.com/security/test-adversarial-robustness
B009. Limit output over-exposure | AIUC-1,Security,Limit output over-exposure,Implement output limitations and obfuscation techniques to reduce information leakage,Output Obfuscation; Fidelity Reduction; Information Leakage; Adversarial Use; Response Filtering,Mandatory,Every 12 months,Preventative,MITRE ATLAS; NIST AI RMF; OWASP Top 10,"Should include
Reducing or limiting the number of results shown in outputs to relevant only to balance security and utility.
Limiting the output format to reduce exploitability.
For example, disabling or redacting structured formats such as JSON, XML, or code snippets where not necessary, especially in externally facing outputs.
Filtering sensitive information that may reveal internal system behavior.
For example, removing or abstracting technical details about model architecture, prompt structure, or tool invocation logic.
Providing user-facing notices or documentation about output limitations.
For example, clearly indicating when results have been truncated, rounded, or suppressed to align with security and privacy safeguards.
May include
Limiting the fidelity of numerical outputs in certain use cases.
For example, applying output rounding, threshold bands, or obfuscation techniques to reduce the risk of model inversion or precision-sensitive data disclosure.",https://aiuc-1.com/security/limit-output-over-exposure
B008. Protect model deployment environment | AIUC-1,Security,Protect model deployment environment,"Implement security measures for AI model deployment environments including encryption, access controls and authorization",Model Environment; Encryption; Access Controls,Mandatory,Every 12 months,Preventative,MITRE ATLAS; EU AI Act; OWASP Top 10,"Should include
Implementing model access protection.
For example, restricting access to production AI models based on job function and operational need, implementing MFA for model system access, maintaining user access reviews appropriate to organizational size.
Establishing deployment security controls.
For example, applying scoped API tokens or signed requests, enforcing rate limits, using TLS for all endpoint traffic, implementing schema validation to protect model APIs from malformed or adversarial input.
May include
Securing model hosting environments.
For example, using up-to-date and minimal container images, scanning for known vulnerabilities in dependencies and base images, and applying infrastructure-level isolation techniques based on risk level (e.g. container namespaces, VM separation, or dedicated GPU access).
Verifying model integrity before and during deployment.
For example, using cryptographic checksums or signed artifacts to detect tampering, scanning model files for malicious payloads (e.g. in Pickle or ONNX formats), and logging model version hashes at deployment time.",https://aiuc-1.com/security/protect-model-deployment-environment
B004. Prevent AI endpoint scraping | AIUC-1,Security,Prevent AI endpoint scraping,Implement safeguards to prevent probing or scraping of external AI endpoints,Scraping; Probing; Rate Limiting; Query Quotas; Zero Trust,Mandatory,Every 12 months,Preventative,MITRE ATLAS; EU AI Act; NIST AI RMF; OWASP Top 10,"Should include
Implementing systems distinguishing between high-volume legitimate usage and adversarial behavior.
For example, using behavioral analytics, session history, user role, and customer tier to calibrate thresholds and prevent false positives against known trusted users.
Implementing rate limiting and query restrictions.
For example, establishing per-user query quotas and rate limits to prevent model extraction attempts, configuring automated blocking of excessive query patterns, implementing progressive restrictions for suspicious usage behavior, implementing pseudo limits such as significant price-per-query increases over a set quota.
Conducting simulated external attack testing.
For example, performing automated scraping tests, brute force attempts, and reconnaissance activities against AI endpoints, testing rate limiting effectiveness against high-volume query attacks and distributed attacks, documenting test methodologies and scope appropriate to organizational threat profile.
Maintaining endpoint security through remediation.
For example, documenting test results and identified vulnerabilities, implementing protective measures and updating endpoint defenses based on testing outcomes, regularly reviewing and adjusting rate limiting thresholds based on attack patterns.",https://aiuc-1.com/security/prevent-ai-endpoint-scraping
B006. Enforce contextual access controls | AIUC-1,Security,Enforce contextual access controls,Implement safeguards to limit AI agent system access based on context and declared objectives,Access Permissions; Agent Permissions,Mandatory,Every 12 months,Preventative,NIST AI RMF; OWASP Top 10,"Should include
Configuring contextual access controls for AI agents.
For example, enforcing task-based tool and data access using declarative policy models (e.g. JSON policy schemas or role-capability matrices), scoping actions based on agent-assigned objectives, session type, or workflow stage.
Implementing privilege limiting for autonomous behavior.
For example, restricting agents from escalating access or acting beyond permitted functions.
Deploying monitoring and enforcement mechanisms.
For example, ensuring AI systems only perform necessary inference and logging deviations from defined operational scope.
May include
Defining automatic restriction triggers.
For example, revoking tool access or suppressing outputs when agent context diverges from declared task scope, user role constraints are violated, or anomalous behavior (e.g. lateral tool access or excessive data usage) is detected in real time.
Integrating agent access decisions with existing identity and access management (IAM) systems.
For example, aligning agent privileges with user roles, enforcing access through API gateways or policy engines, and logging agent actions alongside traditional user activity.",https://aiuc-1.com/security/enforce-contextual-access-controls
B003. Limit technical over-disclosure | AIUC-1,Security,Limit technical over-disclosure,Implement controls to prevent over-disclosure of technical information about AI systems and organizational details that could enable adversarial targeting,Public Disclosure; Open-Source; External Threats,Optional,Every 12 months,Preventative,MITRE ATLAS; OWASP Top 10,"Should include
Documenting limitations on technical information release.
For example, limiting public disclosure of model architectures, algorithms, training data details, system configurations, and performance metrics, requiring approval before sharing technical specifications or implementation details.
Controlling organizational information to balance transparency with security.
For example, limiting disclosure of AI team details, development timelines, and other information that could reveal technical capabilities, reviewing public communications for sensitive information.
May include
Establishing approval processes.
For example, requiring designated review for public content referencing AI capabilities in e.g. publications, presentations, and marketing materials, and documenting approved disclosures with business justification.",https://aiuc-1.com/security/limit-technical-over-disclosure
B007. Enforce AI access privileges | AIUC-1,Security,Enforce AI access privileges,Establish and maintain access controls and admin privileges for AI systems in line with policy,Access Controls; Organizational Policy,Mandatory,Every 3 months,Preventative,MITRE ATLAS; ISO 42001; OWASP Top 10,"Should include
Implementing system-level access controls tailored to AI systems.
For example, using role-based or attribute-based access to restrict access to model configuration, training datasets, tool-calling capabilities, or prompt logs, based on job function and system sensitivity.
Restricting administrative and configuration privileges to authorized personnel.
For example, limiting ability to alter system behavior, tools, or models.
Conducting access reviews and updates at least quarterly.
For example, validating access assignments, updating based on policy or role changes,  documenting access changes with AI-specific context (e.g. model access justification, changes to agent capability boundaries, or access to sensitive prompt/response history).",https://aiuc-1.com/security/enforce-ai-access-privileges
B002. Detect adversarial input | AIUC-1,Security,Detect adversarial input,Implement monitoring capabilities to detect and respond to adversarial inputs and prompt injection attempts,Monitor; Adversarial; Jailbreak; Prompt Injection,Optional,Every 3 months,Detective,MITRE ATLAS; EU AI Act; ISO 42001; NIST AI RMF; OWASP Top 10,"Should include
Establishing a taxonomy for adversarial risks.
For example, drawing on NIST's AI 100-2e2023 taxonomy for Adversarial Machine Learning.
Establishing detection and alerting.
For example, implementing monitoring for prompt injection patterns, jailbreak techniques, adversarial input attempts, and exceeding rate limits, configuring alerts and threat notifications for suspicious activities.
Implementing incident logging and response procedures.
For example, logging suspected attacks with timestamps, user/session context, and input content, escalating to designated personnel based on severity thresholds (e.g. immediate escalation for confirmed jailbreaks), documenting response actions in a centralized incident system.
Maintaining detection effectiveness through quarterly reviews.
For example, updating detection rules based on emerging adversarial techniques, analyzing incident patterns and documenting system improvements.
May include
Implementing adversarial input detection prior to AI model processing where feasible.
For example, using lightweight pattern-matching, behavioral heuristics, or IP-based filters to flag likely threats before processing, with latency-optimized safeguards or asynchronous review paths where real-time detection is infeasible.
Integrating adversarial input detection into existing security operations tooling.
For example, forwarding flagged inputs to SIEM platforms, correlating detection with authentication and network logs, enabling SOC teams to triage AI-related security events.",https://aiuc-1.com/security/detect-adversarial-input
A005. Prevent cross-customer data exposure | AIUC-1,Data & Privacy,Prevent cross-customer data exposure,Implement safeguards to prevent cross-customer data exposure when combining customer data from multiple sources for AI model training,Cross-Customer Data; Model Training; Data Rights,Mandatory,Every 12 months,Preventative,NIST AI RMF; OWASP Top 10,"Should include
Establishing explicit consent and disclosure for combined data usage.
For example, informing customers when their data will be combined with competitor data, disclosing data anonymization and abstraction policies, providing opt-out mechanisms.
Implementing customer data isolation controls.
For example, enforcing strict logical and physical separation of customer data, applying tenant-specific encryption, validating data flow boundaries in shared infrastructure, establishing technical barriers between customer datasets during training.
May include
Implementing specific privacy-enhancing technologies (PETs) to reduce competitive exposure.
For example, applying differential privacy to obfuscate customer contributions, using federated learning to avoid centralizing raw data, generating task-relevant synthetic datasets to simulate real data scenarios.
Implementing inference-time data isolation to prevent leakage of one customer's data or model-derived insights into responses for other customers.
For example, enforcing tenant-aware routing, access control at inference, and prompt context segregation.
Adapting safeguards to industry-specific competitive risks.
For example, applying stricter isolation for customers in the same vertical, avoiding cross-training on data from direct competitors, or honoring industry codes of conduct and regulatory expectations around data co-mingling.",https://aiuc-1.com/data-and-privacy/prevent-cross-customer-data-exposure
A004. Protect IP & trade secrets | AIUC-1,Data & Privacy,Protect IP & trade secrets,Implement safeguards or technical controls to prevent AI systems from leaking company intellectual property or confidential information,Intellectual Property; Confidential Information; Data Protections,Mandatory,Every 12 months,Preventative,MITRE ATLAS; OWASP Top 10,"Should include
Documenting foundation model provider safeguards which may serve as primary IP protection.
For example, reviewing contractual data handling terms, assessing model retention and fine-tuning behaviors, verifying confidentiality commitments, and identifying any limitations or gaps against organizational IP protection criteria.
Establishing supplementary data access controls where provider protections are insufficient.
For example, limiting AI exposure to proprietary information, implementing role-based access for confidential data, restricting training on internal documents, and applying differentiated controls for open-source versus proprietary assets.
May include
Implementing output monitoring procedures with automated review processes for high-risk scenarios.
For example, scanning responses for proprietary code or business information, flagging internal data disclosures.
Maintaining internal IP incident response and escalation procedures as part of AI failure plan on data breaches.
For example, documenting incidents and containment actions, specifying clear escalation timelines and responsible parties based on severity.",https://aiuc-1.com/data-and-privacy/protect-ip-trade-secrets
A003. Implement contextual data safeguards | AIUC-1,Data & Privacy,Implement contextual data safeguards,Implement safeguards to limit AI agent data access to task-relevant information based on user roles and context,Data Collection; Data Access,Mandatory,Every 12 months,Preventative,NIST AI RMF; OWASP Top 10,"Should include
Configuring role-based access controls to limit data access based on user permissions.
Configuring data collection limits to reduce privacy exposure.
For example, limiting to time-bounded, task-specific, and purpose-limited contextual data, and avoiding persistent or out-of-scope information.
May include
Integrating with existing identity and access management (IAM) systems to align agent access permissions with organizational policies.
For example, SSO, OAuth, OpenID.
Establishing dynamic context-based restrictions to adjust access decisions if user role or environment changes during agent session.
For example, task-based access controls, contextual capability restrictions, automatic privilege limiting.
Implementing logging, monitoring and enforcement mechanisms to ensure systems perform only necessary inference functions.
For example, logging user identity, data scope, decision rationale, and context to support traceability, audits, and incident response.",https://aiuc-1.com/data-and-privacy/implement-contextual-data-safeguards
A007. Prevent IP violations | AIUC-1,Data & Privacy,Prevent IP violations,"Implement safeguards and technical controls to prevent AI outputs from violating copyrights, trademarks, or other third-party intellectual property rights",Intellectual Property; Copyright Protection,Mandatory,Every 12 months,Preventative,MITRE ATLAS; NIST AI RMF; OWASP Top 10,"Should include
Documenting and evaluating foundation model provider IP protections which may serve as primary infringement safeguards.
For example, reviewing copyright and trademark handling, assessing indemnification coverage, and identifying known limitations, exclusions, or risk thresholds relevant to organizational context.
Establishing supplementary content filtering mechanisms where provider protections have gaps or limitations.
For example, detecting copyrighted material in outputs, implementing trademark screening.
May include
Implementing user guidance and guardrails to reduce IP risk.
For example, providing usage policies that explain prohibited content types, embedding warnings or UI notices for high-risk prompts, restricting output generation in known infringement domains.
Maintaining third-party IP incident response procedures.
For example, identifying potential infringement, documenting incidents and remediation actions, coordinating with provider protections.
Implementing restrictions in AI acceptable use policy.",https://aiuc-1.com/data-and-privacy/prevent-ip-violations
A002. Define output rights | AIUC-1,Data & Privacy,Define output rights,"Establish AI output ownership, usage, opt-out and deletion policies to customers and communicate these policies",Data Ownership; Usage; Deletion; Consent; Opt-Out,Mandatory,Every 12 months,Preventative,ISO 42001,"Should include
Defining output ownership rights with clear distinctions between customer inputs and AI outputs.
For example, specifying customer versus organization ownership of AI-generated content, usage permissions for different output types.
Disclosing consent and opt-out procedures.
For example, documenting consent collection, user-accessible opt-out controls, opt-out limitations, and preference workflows.
Establishing output usage policies communicated through accessible terms of service.
For example, permitted uses of AI-generated content, restrictions on redistribution or commercial use, intellectual property considerations, policies on derivative and transformative use.",https://aiuc-1.com/data-and-privacy/define-output-rights
A006. Prevent PII leakage | AIUC-1,Data & Privacy,Prevent PII leakage,Establish safeguards to prevent personal data leakage through AI outputs,Personal Data Leakage,Mandatory,Every 12 months,Preventative,MITRE ATLAS; NIST AI RMF; OWASP Top 10,"Should include
Establishing data segregation controls.
For example, isolating user sessions, implementing user-specific boundaries, preventing reuse of prompts or outputs containing personal identifiers, maintaining dataset isolation.
Establishing safeguards to prevent personal data leakage between users.
For example, isolating user sessions, applying user-specific output boundaries, and preventing reuse of prompts or outputs containing personal identifiers.
Documenting protection procedures and incident management.
For example, identifying PII, defining output handling policies, maintaining leakage incident records and remediation actions.
May include
Implementing output monitoring.
For example, scanning outputs for cross-customer data leakage, validating data source attribution.
Implementing automated detection and redaction of personal data in AI outputs.
For example, using named entity recognition (NER) or data classification tools to scan and remove PII before output is delivered to end users.
Integrating with existing data loss prevention (DLP) systems to monitor and block outputs containing personal data in violation of policy.",https://aiuc-1.com/data-and-privacy/prevent-pii-leakage
A001. Establish data use policy | AIUC-1,Data & Privacy,Establish data use policy,"Establish and communicate AI input data policies covering how customer data is used for model training, inference processing, data retention periods, and customer data rights",Data Retention; Model Training Data; Opt-Out,Mandatory,Every 12 months,Preventative,ISO 42001; NIST AI RMF,"Should include
Defining data usage policies.
For example, opt-in mechanisms, disclosure requirements, boundaries between training and post-deployment data usage.
Implementing data retention and deletion procedures.
For example, retention periods for training data, inference logs, and customer inputs, plus technical approaches for data removal such as selective unlearning or system retirement when data cannot be effectively separated from models.
Documenting how data retention periods are calculated and justified.
May include
Documenting data subject rights processes.
For example, handling customer requests for data access, portability, and deletion in AI contexts, plus maintaining records of which datasets were used to train specific models.",https://aiuc-1.com/data-and-privacy/establish-data-use-policy
E006. Conduct vendor due diligence | AIUC-1,Accountability,Conduct vendor due diligence,"Establish AI vendor due diligence processes for foundation and upstream model providers covering data handling, PII controls, security and compliance",Vendor Due Diligence; Open-Source; Foundation Models; Upstream Models,Mandatory,Every 12 months,Preventative,EU AI Act; ISO 42001; NIST AI RMF; OWASP Top 10,"Should include
Defining assessment criteria for foundational or upstream AI models.
For example, data handling practices, PII controls, security measures, compliance status, open-source.
Conducting documented assessments.
For example, scoring results, verification activities such as certifications reviewed and references contacted, and approval decisions. Can follow a RACI structure.
Maintaining assessment records with sufficient detail for audit purposes and retaining due diligence evidence before vendor approval.",https://aiuc-1.com/accountability/conduct-vendor-due-diligence
E010. Establish AI acceptable use policy | AIUC-1,Accountability,Establish AI acceptable use policy,Establish and implement an AI acceptable use policy,Acceptable Use; Breach,Mandatory,Every 12 months,Preventative,ISO 42001; NIST AI RMF; OWASP Top 10,"Should include
Defining prohibited AI usage.
For example, jailbreak attempts, malicious prompt injection, unauthorized data extraction, generation of harmful content, and misuse of customer data ideally with specific examples.
Implementing detection and monitoring tools.
For example, prompt analysis, output filtering, usage pattern anomalies, and suspicious access attempts.
May include
Real-time monitoring, blocking, or alerting capabilities.
Maintaining logging and tracking systems.
For example, incident creation, violation tracking with case assignment and resolution documentation.
Establishing incident response procedures.
For example,  defining violation severity levels with corresponding response priorities, implementing escalation procedures with defined timeframes for user account restrictions and security notifications, documenting containment actions including system access modifications.
Conducting regular effectiveness reviews.
For example, quarterly analysis of violation trends, tool performance assessment, policy updates based on emerging threats, and user training adjustments.",https://aiuc-1.com/accountability/establish-ai-acceptable-use-policy
E001. AI failure plan for security breaches | AIUC-1,Accountability,AI failure plan for security breaches,"Document AI failure plan for AI privacy and security breaches assigning accountable owners and establishing notification and remediation with third-party support as needed (e.g. legal, PR, insurers)",Incident Response; Security; Privacy; Regulatory Deadlines,Mandatory,Every 12 months,Preventative,EU AI Act; ISO 42001; NIST AI RMF,"Should include
Assigning a breach response lead from existing staff.
For example, IT manager, security officer, or designated executive with authority to engage external counsel and specialists as needed.
Defining breach notification procedures.
For example, customer communications, regulatory reporting requirements, and vendor notifications based on applicable privacy laws.
Implementing security remediation measures.
For example, system freeze capabilities, vulnerability fixes, access control updates, and coordination with external security consultants when internal expertise is insufficient.
Establishing evidence collection requirements with guidance on preserving evidence for potential legal review.
For example, system logs, user activity records, and basic documentation.",https://aiuc-1.com/accountability/ai-failure-plan-for-security-breaches
E014. Share transparency reports | AIUC-1,Accountability,Share transparency reports,Establish policies for sharing transparency reports with relevant stakeholders including regulators and customers,Transparency,Optional,Every 12 months,Preventative,EU AI Act; ISO 42001; NIST AI RMF,"Should include
Defining report scope and recipient categories with clear criteria for when reports must be shared.
For example, regulators, customers, and other stakeholders.
Excluding or sanitizing technical documentation and other sensitive information that could be used for adversarial attacks.
May include
Implementing secure delivery methods with appropriate authentication and access control.
For example,  dataroom access, encrypted transmission, controlled access portals.
Documenting sharing procedures including approval workflows, version control, and audit trails for transparency.",https://aiuc-1.com/accountability/share-transparency-reports
E017. Document system transparency policy | AIUC-1,Accountability,Document system transparency policy,"Establish a system transparency policy and maintain a repository of model cards, datasheets, and interpretability reports for major systems",Transparency; System Cards,Optional,Every 12 months,Preventative,MITRE ATLAS; EU AI Act; ISO 42001; NIST AI RMF,"Should include
Establishing a transparency policy defining requirements for documentation of major AI systems.
For example, model capabilities, limitations, and intended use cases.
Maintaining a centralized repository of system documentation with appropriate access controls for internal stakeholders.
For example, model cards, datasheets, and interpretability reports.
Implementing updates to documentation when systems are modified or new information becomes available about model performance or risks.",https://aiuc-1.com/accountability/document-system-transparency-policy
E008. Review internal processes | AIUC-1,Accountability,Review internal processes,Establish regular internal reviews of key processes and document review records and approvals,Internal Reviews; Documentation,Mandatory,Every 12 months,Preventative,EU AI Act; ISO 42001; NIST AI RMF,"Should include
Reviewing decision processes every quarter including AI system changes, foundational model selection, security assessment.
Maintaining a centralized repository of decision records and internal review of these record.
For example, supporting evidence reviewed, remediation plans.
Documenting and tracking remediation of any risks identified.
May include
Collecting and implementing external feedback on AI systems.
For example, system risks, new threat patterns, new mitigation strategies.",https://aiuc-1.com/accountability/review-internal-processes
E009. Monitor 3rd-party access | AIUC-1,Accountability,Monitor 3rd-party access,Implement systems to monitor third party access,Access; Logins,Optional,Every 12 months,Preventative,MITRE ATLAS; EU AI Act; NIST AI RMF; OWASP Top 10,"Should include
Defining third-party interaction scope with logging of access attempts and activities.
For example, API connections, user access sessions, data exchanges, and service integrations.
Capturing access metadata.
For example, user identification, authentication timestamps, accessed resources, session duration, origin IP addresses, and resource usage patterns.",https://aiuc-1.com/accountability/monitor-3rd-party-access
E004. Assign accountability | AIUC-1,Accountability,Assign accountability,"Document which AI system changes across the development & deployment lifecycle require formal review or approval, assign a lead accountable for each, and document their approval with supporting evidence",Decision Owners; Deployment,Mandatory,Every 12 months,Preventative,MITRE ATLAS; EU AI Act; ISO 42001; NIST AI RMF,"Should include
Defining AI system changes requiring approval including model selection, material changes to the meta prompt, adding / removing guardrails, changes to end-user workflow, other changes that drive material.
For example, +/-10% performance on evals.
Assigning an accountable lead as approver for each of these changes.
Can follow a RACI structure to formalize roles of those consulted and informed.
Documenting approval in a repository retained for 365+ days, including what data was reviewed as part of the decision.
For example, results of evaluations, internal or external red-teaming, customer feedback.
May include
Implementing code signing and verification processes for AI models, libraries, and deployment artifacts to ensure only digitally signed components are approved for production use.",https://aiuc-1.com/accountability/assign-accountability
E007. Document system change approvals | AIUC-1,Accountability,Document system change approvals,"Define approval processes for material changes to AI systems (e.g. model versions, access controls, data sources) requiring formal review and sign-off",Approvals; Workflows,Optional,Every 12 months,Detective,EU AI Act; NIST AI RMF,"Should include
Defining changes requiring formal review and approval with clear approval thresholds such as changes affecting system performance or security.
For example, model updates, prompt modifications, adding/removing guardrails, and changes to user-facing functionality.
Documenting the approval workflow with sufficient detail for review purposes.
For example, who approves what types of changes and maintaining records of approvals.",https://aiuc-1.com/accountability/document-system-change-approvals
E005. Assess cloud vs on-prem processing | AIUC-1,Accountability,Assess cloud vs on-prem processing,"Establish criteria for selecting cloud provider, and circumstances for on-premises processing considering data sensitivity, regulatory requirements, security controls, and operational needs",Deployment; Cloud Security; On-Premise Security; Data Residency,Mandatory,Every 12 months,Preventative,MITRE ATLAS; NIST AI RMF; OWASP Top 10,"Should include
Conducting deployment risk assessments.
For example, evaluating data sensitivity, regulatory compliance requirements, IP protection needs, and security controls for cloud vs. on-premises AI processing.
Documenting decision criteria and rationale.
For example, establishing clear selection factors, maintaining records of deployment choices with business justification.
Implementing deployment-appropriate security controls.
For example, configuring cloud-specific protections or on-premises security measures based on selected deployment model.
May include
Implementing hybrid deployment strategies.
For example, using on-premises for sensitive data, cloud for less sensitive workloads, with secure data flow controls.
Establishing cloud vendor management procedures.
For example, conducting provider due diligence, implementing contractual protections for data sovereignty and IP.
Reviewing deployment decisions when requirements change.
For example, reassessing choices when data sensitivity, regulations, or threat landscape evolves.",https://aiuc-1.com/accountability/assess-cloud-vs-on-prem-processing
E002. AI failure plan for harmful outputs | AIUC-1,Accountability,AI failure plan for harmful outputs,"Document AI failure plan for harmful AI outputs that cause significant customer harm assigning accountable owners and establishing remediation with third-party support as needed (e.g. legal, PR, insurers)",Incident Response; Emergency Response; Harmful Outputs; Hallucinations; Vendors,Mandatory,Every 12 months,Preventative,EU AI Act; ISO 42001; NIST AI RMF,"Should include
Implementing customer communication protocols.
For example, disclosure procedures, explanation of corrective actions, and follow-up commitments with executive approval for significant incidents.
Establishing immediate mitigation steps with designated staff responsibilities.
For example, system freeze capabilities, output suppression, customer notification, and system adjustments.
May include
Defining harmful output categories with reference to risk taxonomy.
For example, discriminatory content, offensive material, inappropriate recommendations, ideally with concrete examples.
Coordinating external support engagement.
For example,  legal counsel consultation, PR support, and insurance claim procedures.",https://aiuc-1.com/accountability/ai-failure-plan-for-harmful-outputs
E012. Document regulatory compliance | AIUC-1,Accountability,Document regulatory compliance,"Document applicable AI laws and standards, required data protections, and strategies for compliance",Regulatory; EU; NY; NIST; ISO; GDPR,Mandatory,Every 6 months,Preventative,EU AI Act; ISO 42001; NIST AI RMF,"Should include
Identifying relevant regulations.
For example, data protection laws. For example, GDPR, CCPA, sector-specific requirements, emerging AI standards. For example, EU AI Act.
Documenting compliance procedures and strategies appropriate for company size and operations.
Reviewing the repository every 6 months and when additional requirements may be triggered.
For example, regulations change or business operations expand into new jurisdictions.",https://aiuc-1.com/accountability/document-regulatory-compliance
E003. AI failure plan for hallucinations | AIUC-1,Accountability,AI failure plan for hallucinations,"Document AI failure plan for hallucinated AI outputs that cause substantial customer financial loss assigning accountable owners and establishing remediation with third-party support as needed (e.g. legal, PR, insurers)",Hallucinations; Incident Response; Customer Loss,Mandatory,Every 12 months,Preventative,EU AI Act; ISO 42001; NIST AI RMF,"Should include
Establishing compensation assessment procedures.
For example, loss evaluation methods, settlement approaches, and payment authorization levels with appropriate approval requirements.
Implementing remediation measures.
For example, system freeze capabilities, model adjustments, output validation improvements, customer notification, and enhanced monitoring.
May include
Defining hallucination incident types.
For example,  factual errors or incorrect recommendations relevant to company context and customer base.
Coordinating potential external support.
For example, legal consultation for significant claims, financial review when needed, and insurance coverage activation.",https://aiuc-1.com/accountability/ai-failure-plan-for-hallucinations
E013. Implement quality management system | AIUC-1,Accountability,Implement quality management system,Establish a quality management system for high-risk AI systems proportionate to the size of the organization,EU; Quality management; Regulatory,Optional,Every 12 months,Preventative,EU AI Act; NIST AI RMF; ISO 42001,"Should include
Documenting strategy for compliance with conformity assessment procedures.
Documenting techniques, procedures and systematic actions to be used for the design, design control and design verification of the AI system.
Documenting techniques, procedures and systematic actions to be used for the development, quality control and quality assurance of the AI system.
Documenting the handling of communication with national competent authorities, other relevant authorities, including those providing or supporting the access to data, notified bodies, other operators, customers or other interested parties.
Documenting resource management, including security-of-supply related measures.
Assigning and documenting accountability in the organisation for each of the aspects in the quality management system.
May include
Collecting comprehensive documentation for EU AI Act Article 17 requirements for quality management systems.
For example, strategy for regulatory compliance, examination, test and validation procedures, technical specifications and fulfillment, data management procedures, risk management, post-market monitoring, incident reporting, and record-keeping.",https://aiuc-1.com/accountability/implement-quality-management-system
E016. Implement AI disclosure mechanisms | AIUC-1,Accountability,Implement AI disclosure mechanisms,Implement clear disclosure mechanisms to inform users when they are interacting with AI systems rather than human operators,Labelling; Transparency,Mandatory,Every 12 months,Preventative,EU AI Act; ISO 42001; NIST AI RMF,"Should include
Implementing clear AI interaction disclosure at the beginning of communications, notifying users they are interacting with artificial intelligence, not humans.
Ensuring disclosures are conspicuous and easily understood.
For example, using prominent placement and plain language appropriate for the communication medium.
Maintaining disclosure visibility throughout extended interactions.
For example, providing ongoing indication of AI involvement in conversations or sessions.
Labelling AI generated audio, image and video in a machine-readable format and detectable as artificially generated or manipulated.
Technical solutions must be effective, interoperable, robust and reliable as far as this is technically feasible.
Informing users if they are exposed to emotion recognition or biometric categorisation systems.
May include
Implementing adaptive disclosure methods for different interaction types.
For example, visual indicators for text, audio notifications for voice communications.
Establishing reactive disclosure capabilities when users ask if they are interacting with AI.",https://aiuc-1.com/accountability/implement-ai-disclosure-mechanisms
E015. Log model activity | AIUC-1,Accountability,Log model activity,"Maintain logs of AI system processes, actions, and model outputs where permitted to support incident investigation, auditing, and explanation of AI system behavior",Explainability; Logs,Mandatory,Every 12 months,Detective,MITRE ATLAS; EU AI Act; ISO 42001; NIST AI RMF; OWASP Top 10,"Should include
Capturing system activity details.
For example, input parameters, processing steps, model outputs, and user interactions.
Implementing log storage with appropriate retention periods and access controls to support auditing and incident response.",https://aiuc-1.com/accountability/log-model-activity
E011. Record processing locations | AIUC-1,Accountability,Record processing locations,Document AI data processing locations,Data Processing; Storage Location; Data Protections,Mandatory,Every 12 months,Preventative,EU AI Act; ISO 42001; NIST AI RMF,"Should include
Maintaining AI infrastructure location documentation.
For example, geographic locations of foundation model processing locations and inference endpoint regions, documenting third-party AI service provider data handling locations.
Reviewing and updating documentation regularly.
May include
Implementing transfer compliance procedures.
For example, assessing data transfer requirements for AI training data and inference processing, maintaining approved transfer mechanisms for foundation model providers and AI infrastructure, mitigating transfer risk for cross-border AI model training.",https://aiuc-1.com/accountability/record-processing-locations
F002. Prevent catastrophic misuse | AIUC-1,Society,Prevent catastrophic misuse,Implement or document guardrails to prevent AI-enabled catastrophic system misuse (chemical / bio / radio / nuclear),CBRN; Chemical; Bioweapon; Radioactive; Nuclear,Mandatory,Every 12 months,Detective,,"Should include
Results of testing from foundation model developer on CBRN capabilities and mitigations.
Attestation that the mitigations have not been removed.
May include
Relevant evaluations.
For example, Center for AI Safety's Weapons of Mass Destruction proxy benchmark.
Establishing catastrophic misuse monitoring.
For example, monitoring AI system interactions for patterns indicating weapons development or mass harm intent, implementing real-time alerting for detected catastrophic misuse attempts, documenting suspicious queries and system responses.",https://aiuc-1.com/society/prevent-catastrophic-misuse
F001. Prevent AI cyber misuse | AIUC-1,Society,Prevent AI cyber misuse,Implement or document guardrails to prevent AI-enabled misuse for cyber attacks and exploitation,Cyber Attacks,Mandatory,Every 12 months,Preventative,NIST AI RMF,"Should include
Results of testing from foundation model developer on offensive cyber capabilities and mitigations.
Attestation the mitigations have not been removed.
May include
Implementing malicious use detection and blocking.
For example, deploying available content filtering to detect requests for malicious code generation, attack planning, and vulnerability exploitation guidance, configuring automated blocking of cyber attack assistance requests, maintaining databases of prohibited use patterns.
Establishing usage monitoring and threat intelligence.
For example, monitoring AI system usage for exploitation attempts and suspicious patterns, maintaining updated threat intelligence on AI misuse techniques, implementing alerting for detected malicious use attempts.",https://aiuc-1.com/society/prevent-ai-cyber-misuse
C008. Monitor AI risk categories | AIUC-1,Safety,Monitor AI risk categories,Implement monitoring of AI systems across risk categories,Monitoring; High-Risk Outputs,Optional,Every 12 months,Detective,EU AI Act; ISO 42001; NIST AI RMF,"Should include
Implementing proactive detection.
For example, defining potential scenarios that could generate harmful outputs under normal or adversarial use, documenting risk scenarios to guide test planning and operational safeguards aligned with risk taxonomy, deploying automated detection tools (e.g. classifiers, heuristics, anomaly detectors).
Establishing ongoing monitoring.
For example, conducting regular evaluations prioritized by risk severity, using methods such as output sampling, behavior tracing, and prompt-response logging.
Maintaining documentation.
For example, recording identified scenarios with clear examples, conditions, and mitigation approaches, updating risk taxonomy based on monitoring findings and incidents.
May include
Integrating AI output monitoring with existing security tools.
For example, forwarding alerts and flagged outputs to SIEM platforms, applying standard logging formats (e.g. JSON, syslog) to support automated threat detection workflows.",https://aiuc-1.com/safety/monitor-ai-risk-categories
C011. 3rd-party testing for out-of-scope outputs | AIUC-1,Safety,3rd-party testing for out-of-scope outputs,"Appoint expert third-parties to evaluate system robustness to out-of-scope outputs at least every 3 months (e.g. political discussion, healthcare advice)",Out-of-Scope; Political Discussion; Third-Party Testing,Mandatory,Every 3 months,Preventative,NIST AI RMF,"Should include
Appointing qualified third-party assessors.
For example, selecting assessors with relevant technical capabilities for identified risk areas, maintaining records of assessor qualifications and independence.
Conducting regular testing.
For example, performing assessments of out-of-scope outputs at least every quarter, defining testing scope and methodologies based on risk taxonomy.
Maintaining documentation.
For example, recording third-party qualifications, testing scope, results, and remediation actions taken, tracking follow-up activities and resolution timelines.",https://aiuc-1.com/safety/3rd-party-testing-for-out-of-scope-outputs
C006. Prevent output vulnerabilities | AIUC-1,Safety,Prevent output vulnerabilities,Implement safeguards to prevent security vulnerabilities in outputs from impacting users,Harmful Outputs; Code Injection; Data Exfiltration,Mandatory,Every 3 months,Preventative,MITRE ATLAS; OWASP Top 10,"Should include
Establishing output sanitization and validation procedures before presenting content to users.
For example, stripping or encoding HTML, JavaScript, shell syntax, and iframe content, blocking or rewriting unsafe URLs, validating structured output schemas (e.g. JSON/YAML/XML) against whitelists, enforcing safe rendering modes (e.g. text-only, content-security-policy (CSP) headers).
Implementing safety-specific labeling and handling protocols.
For example, clearly marking untrusted, distinguishing untrusted third-party data, applying appropriate security controls based on content source and risk level.
Maintaining detection and monitoring capabilities.
For example, logging sanitization activities, implementing alerting for suspicious content patterns.
May include
Detecting advanced output-based attack patterns.
For example, identifying prompt injection chains, model-output subversion (e.g. jailbreak tokens), payloads targeting downstream applications (e.g. command-line instructions, SQL queries), or obfuscated exploits designed to bypass basic filters.",https://aiuc-1.com/safety/prevent-output-vulnerabilities
C010. 3rd-party testing for harmful outputs | AIUC-1,Safety,3rd-party testing for harmful outputs,"Appoint expert third-parties to evaluate system robustness to harmful outputs including distressed outputs, angry responses, high-risk advice, offensive content, bias, and deception at least every 3 months",Harmful Outputs; Distressed; Angry; Advice; Offensive; Bias; Risk Severity; Toxigen; Third-Party Testing,Mandatory,Every 3 months,Preventative,NIST AI RMF; EU AI Act,"Should include
Appointing qualified third-party assessors.
For example, selecting assessors with relevant technical capabilities for identified risk areas, maintaining records of assessor qualifications and independence.
Conducting regular testing.
For example, performing assessments of harmful outputs at least every quarter, defining testing scope and methodologies based on risk classifications and industry benchmarks like ToxiGen, coordinating with internal security and testing teams.
Maintaining documentation.
For example, recording third-party qualifications, testing scope, results, and remediation actions taken, tracking follow-up activities and resolution timelines.",https://aiuc-1.com/safety/3rd-party-testing-for-harmful-outputs
C001. Define AI risk taxonomy | AIUC-1,Safety,Define AI risk taxonomy,"Establish a risk taxonomy that categorizes risks within harmful, out-of-scope, and hallucinated outputs, tool calls, and other risks based on application-specific usage",Risk Taxonomy; Severity Rating,Mandatory,Every 3 months,Preventative,EU AI Act; ISO 42001; NIST AI RMF,"Should include
Defining risk categories with severity levels and examples based on industry and deployment context.
For example, classifying harmful outputs such as distressed outputs, angry responses, high-risk advice, offensive content, bias, and deception, identifying other high-risk use cases such as safety-critical instructions, legal recommendations, financial advice.
Aligning risk taxonomy with external frameworks and standards.
For example, NIST AI RMF functions, EU AI Act article 9, ISO42001 controls.
Establishing severity grading appropriate to organizational context and risk tolerance.
For example, implementing consistent scoring methodology across risk categories, defining thresholds for flagging and human review.
Maintaining taxonomy currency with documented change management.
For example, reviewing and updating risk categories quarterly or when new threat patterns emerge, adjusting risk thresholds, incorporating lessons from incident response and industry benchmarks.
May include
Identifying additional risk categories that are considered harmful given nature of operations.
For example, hallucinations, out-of-scope content.",https://aiuc-1.com/safety/define-ai-risk-taxonomy
C003. Prevent harmful outputs | AIUC-1,Safety,Prevent harmful outputs,"Implement safeguards or technical controls to prevent harmful outputs including distressed outputs, angry responses, high-risk advice, offensive content, bias, and deception",Harmful Outputs; Distressed; Angry; Advice; Offensive; Bias,Mandatory,Every 12 months,Preventative,EU AI Act; NIST AI RMF; OWASP Top 10,"Should include
Implementing content filtering for harmful output types.
For example, detecting and blocking distressed responses, angry language, offensive content, biased statements, and deceptive information.
Establishing safety guardrails for advice generation.
For example, restricting high-risk recommendations in sensitive domains, requiring disclaimers for guidance.
Maintaining bias detection and mitigation controls.
For example, monitoring for discriminatory patterns, implementing fairness checks in outputs.
May include
Evaluating harm mitigation controls using performance metrics.
For example, tracking false positives (overblocking safe content) and false negatives (missed harmful content), measuring coverage of flagged scenarios, and benchmarking against known harm datasets like ToxiGen.
Establishing review and appeal mechanisms.
For example, allowing flagged outputs to be escalated for manual review, recording override decisions with justification, incorporating feedback into harm detection refinement.",https://aiuc-1.com/safety/prevent-harmful-outputs
C007. Flag high risk recommendations | AIUC-1,Safety,Flag high risk recommendations,Implement an alerting system that flags high-risk recommendations for human review,Human Review; Escalation,Optional,Every 12 months,Preventative,MITRE ATLAS; NIST AI RMF,"Should include
Defining high-risk recommendation criteria drawing on risk taxonomy.
For example, financial advice exceeding company thresholds, medical or health-related guidance, legal recommendations, safety-critical instructions, and content that could cause reputational harm.
Implementing automated detection using keyword filtering, confidence scoring, or rule-based assessment with adjustable sensitivity settings.
Establishing human review workflows.
For example, designated reviewers from available staff, escalation procedures for complex cases, queue management for pending reviews with response time tracking against SLA, documentation of review decisions.",https://aiuc-1.com/safety/flag-high-risk-recommendations
C005. Prevent other high risk outputs | AIUC-1,Safety,Prevent other high risk outputs,Implement safeguards or technical controls to prevent additional high-risk outputs as defined in risk taxonomy,High-Risk Outputs; Risk Taxonomy; Technical Controls,Mandatory,Every 12 months,Preventative,NIST AI RMF; OWASP Top 10,"Should include
Implementing detection and blocking mechanisms aligned with organizational risk taxonomy.
For example, deploying filtering based on defined risk categories and severity thresholds.
Maintaining risk-based response controls.
For example, flagging and blocking mechanisms, logging for monitoring purposes.
May include
Establishing escalation procedures for flagged high-risk content.
For example, human review workflows, approval requirements for edge cases, planning reviewer capacity based on expected flagging volume and response time objectives.
Implementing automated real-time response mechanisms.
For example, triggering dynamic warnings, blocking or modifying model responses based on severity thresholds, routing flagged interactions for further processing or audit without user delay.",https://aiuc-1.com/safety/prevent-other-high-risk-outputs
C002. Conduct pre-deployment testing | AIUC-1,Safety,Conduct pre-deployment testing,"Conduct internal testing of AI systems prior to deployment across risk categories (including high-risk, harmful, hallucinated, and out-of-scope outputs and tool calls) for system changes requiring formal review or approval",Internal Testing; Pre-Deployment Testing,Mandatory,Every 12 months,Preventative,MITRE ATLAS; EU AI Act; ISO 42001; NIST AI RMF,"Should include
Conducting pre-deployment testing with documented results and identified issues.
For example, structured hallucination testing, adversarial prompting, safety unit tests, and scenario-based walkthroughs.
Completing risk assessments of identified issues before system deployment.
For example, potential impact analysis, mitigation strategies, and residual risk evaluation.
Obtaining approval sign-offs from designated accountable leads with documented rationale for approval decisions and maintained records for review purposes.
May include
Integrating AI system testing into established software development lifecycle (SDLC) gates.
For example, requiring risk evaluation and sign-off at staging or pre-production milestones, aligning with CI/CD or MLOps pipelines, and documenting test artifacts in shared repositories.
Implementing pre-deployment vulnerability scanning of AI artifacts and dependencies.
For example, scanning model files (e.g. pickle, ONNX) for malicious code or unsafe deserialization, checking runtime behavior for unbounded tool execution or insecure API access, validating ML libraries and infrastructure for known CVEs, and analyzing downstream outputs for unsafe content or behaviors.",https://aiuc-1.com/safety/conduct-pre-deployment-testing
C009. Collect real-time feedback | AIUC-1,Safety,Collect real-time feedback,Implement mechanisms to enable real-time user feedback collection and intervention mechanisms,Feedback; Intervention; User Control; Transparency,Optional,Every 3 months,Preventative,EU AI Act; ISO 42001; NIST AI RMF,"Should include
Establishing on-screen communication systems.
For example, implementing real-time display of system status, intervention notices, disclaimers, and risk alerts during interactions, ensuring messages are context-sensitive and clearly visible.
Enabling user intervention capabilities.
For example, providing mechanisms for users to pause, stop, or redirect system behavior, implementing feedback collection tools for users to report issues or concerns, ensuring technical controls persist across devices and interaction contexts.
Ensuring accessibility of feedback and intervention mechanisms.
For example, adhering to WCAG 2.1 standards for color contrast, screen reader compatibility, keyboard navigation, and clear messaging for users with disabilities.
Maintaining mechanism effectiveness through quarterly reviews.
For example, evaluating user feedback and intervention patterns, adapting communication methods based on user needs and emerging risk considerations.
May include
Analyzing collected feedback using structured methodologies.
For example, categorizing by risk domain, prioritizing based on frequency and severity,  routing high-impact or repeat issues into product backlog or compliance workflows.",https://aiuc-1.com/safety/collect-real-time-feedback
C012. 3rd-party testing for other risk | AIUC-1,Safety,3rd-party testing for other risk,Appoint expert third-parties to evaluate system robustness to additional high-risk outputs as defined in risk taxonomy at least every 3 months,High-Risk Outputs; Risk Taxonomy; Third-Party Testing,Mandatory,Every 3 months,Preventative,NIST AI RMF,"Should include
Appointing qualified third-party assessors.
For example, selecting assessors with relevant technical capabilities for identified risk areas, maintaining records of assessor qualifications and independence.
Conducting regular testing.
For example, performing assessments of high-risk areas at least every quarter, defining testing scope and methodologies based on risk taxonomy.
Maintaining documentation.
For example, recording third-party qualifications, testing scope, results, and remediation actions taken, tracking follow-up activities and resolution timelines.",https://aiuc-1.com/safety/3rd-party-testing-for-other-risk
C004. Prevent out-of-scope outputs | AIUC-1,Safety,Prevent out-of-scope outputs,"Implement safeguards or technical controls to prevent out-of-scope outputs (e.g. political discussion, healthcare advice)",Out-of-Scope; Political Discussion; Technical Controls,Mandatory,Every 12 months,Preventative,NIST AI RMF; OWASP Top 10,"Should include
Implementing topic boundary enforcement.
For example, detecting and redirecting conversations outside intended use cases as defined in AI acceptable use policy, blocking prohibited discussion areas such as political topics or out-of-scope advice.
Establishing scope violation response procedures.
For example, automated redirection messages, escalation for persistent attempts.
Maintaining scope monitoring and adjustment capabilities.
For example, tracking boundary violations, updating restrictions based on emerging issues.
May include
Implementing user education on system scope and limitations.
For example, displaying onboarding tooltips, publishing usage guidelines or FAQs, embedding in-context hints to clarify intended capabilities, highlighting unsupported domains to reduce misuse.",https://aiuc-1.com/safety/prevent-out-of-scope-outputs
D001. Prevent hallucinated outputs | AIUC-1,Reliability,Prevent hallucinated outputs,Implement safeguards or technical controls to prevent hallucinated outputs,Hallucinations; Technical Controls,Mandatory,Every 12 months,Preventative,NIST AI RMF; OWASP Top 10; EU AI Act,"Should include
Implementing factual accuracy controls.
For example, deploying available fact-checking mechanisms, flagging uncertain or low-confidence responses.
Establishing information source validation.
For example, requiring citations for factual claims, implementing source reliability checks.
Maintaining uncertainty communication.
For example, displaying confidence levels, providing appropriate disclaimers for generated information.",https://aiuc-1.com/reliability/prevent-hallucinated-outputs
D003. Restrict unsafe tool calls | AIUC-1,Reliability,Restrict unsafe tool calls,"Implement safeguards or technical controls to prevent tool calls in AI systems from executing unauthorized actions, accessing restricted information, or making decisions beyond their intended scope",Tool Calls; Tool Selection; Technical Controls,Mandatory,Every 12 months,Preventative,MITRE ATLAS; EU AI Act; NIST AI RMF; OWASP Top 10,"Should include
Implementing function call validation and authorization.
For example, restricting tool access to approved functions, validating parameters before execution.
Enforcing rate limits and transaction caps for autonomous tool use.
Establishing execution monitoring and logging.
For example, tracking all tool calls, monitoring for unauthorized access attempts or scope violations.
Maintaining decision boundary enforcement.
For example, limiting autonomous actions to defined parameters, requiring human approval for sensitive operations.
Reviewing patterns of AI tool usage for anomalies, updating tool permissions, and retiring unused or high-risk functions during scheduled evaluations.",https://aiuc-1.com/reliability/restrict-unsafe-tool-calls
D004. 3rd-party-testing of tool calls | AIUC-1,Reliability,3rd-party-testing of tool calls,"Appoint expert third-parties to evaluate tool calls in AI systems, including executing unauthorized actions, accessing restricted information, or making decisions beyond their intended scope at least every 3 months",Tool Calls; Tool Selection; Third-Party Testing,Mandatory,Every 3 months,Preventative,NIST AI RMF; OWASP Top 10,"Should include
Appointing qualified third-party assessors.
For example, selecting assessors with relevant technical capabilities for identified risk areas, maintaining records of assessor qualifications and independence.
Conducting regular testing.
For example, performing assessments of tool calls at least every quarter, defining testing scope and methodologies based on risk classifications.
Maintaining documentation.
For example, recording third-party qualifications, testing scope, results, and remediation actions taken, tracking follow-up activities and resolution timelines.",https://aiuc-1.com/reliability/3rd-party-testing-of-tool-calls
D002. 3rd-party testing for hallucinations | AIUC-1,Reliability,3rd-party testing for hallucinations,Appoint expert third-parties to evaluate hallucinated outputs at least every 3 months,Hallucinations; Third-Party Testing,Mandatory,Every 3 months,Preventative,NIST AI RMF; OWASP Top 10; EU AI Act,"Should include
Appointing qualified third-party assessors.
For example, selecting assessors with relevant technical capabilities for identified risk areas, maintaining records of assessor qualifications and independence.
Conducting regular testing.
For example, performing assessments of hallucinated outputs at least every quarter, defining testing scope and methodologies based on risk classifications.
Maintaining documentation.
For example, recording third-party qualifications, testing scope, results, and remediation actions taken, tracking follow-up activities and resolution timelines.",https://aiuc-1.com/reliability/3rd-party-testing-for-hallucinations
